id,name,full_name,club,club_slug,nationality,birthplace,birth_date,height_cm,weight_kg,position,cost,rarity,is_starter,image_url,rb,a,rc,d,rg,v,pc,pl,pa,dl,rm,rf,co
thibaut-courtois-rma-2526,COURTOIS,Thibaut Courtois,Real Madrid,rma,Belgium,,1992-05-10,200,,GK,9,rara,false,https://assets.virtuafc.com/players/70988.webp,,,,,,,,,,,,3,2
andriy-lunin-rma-2526,LUNIN,Andriy Lunin,Real Madrid,rma,Ukraine,,1999-02-10,191,,GK,8,frecuente,false,https://assets.virtuafc.com/players/857574.webp,,,,,,,,,,,,3,2
fran-gonzalez-rma-2526,GONZÁLEZ,Fran González,Real Madrid,rma,Spain,,2005-06-23,199,,GK,6,comun,true,https://assets.virtuafc.com/players/1493226.webp,,,,,,,,,,,,2,2
dean-huijsen-rma-2526,HUIJSEN,Dean Huijsen,Real Madrid,rma,Spain,,2005-04-13,197,,DF,9,frecuente,false,https://assets.virtuafc.com/players/1176744.webp,3,3,2,,,,,2,2,,,,
eder-militao-rma-2526,MILITÃO,Éder Militão,Real Madrid,rma,Brazil,,1998-01-17,186,,DF,8,frecuente,false,https://assets.virtuafc.com/players/822519.webp,3,3,2,,,,,2,2,,,,
raul-asencio-rma-2526,ASENCIO,Raúl Asencio,Real Madrid,rma,Spain,,2003-02-12,184,,DF,8,frecuente,false,https://assets.virtuafc.com/players/1156645.webp,3,3,2,,,,,2,2,,,,
antonio-rudiger-rma-2526,RÜDIGER,Antonio Rüdiger,Real Madrid,rma,Germany,,1993-03-02,190,,DF,7,frecuente,false,https://assets.virtuafc.com/players/142622.webp,3,2,2,,,,,2,2,,,,
david-alaba-rma-2526,ALABA,David Alaba,Real Madrid,rma,Austria,,1992-06-23,180,,DF,7,comun,false,https://assets.virtuafc.com/players/66492.webp,2,2,2,,,,,2,2,,,,
alvaro-carreras-rma-2526,CARRERAS,Álvaro Carreras,Real Madrid,rma,Spain,,2003-03-22,186,,DF,9,rara,false,https://assets.virtuafc.com/players/1085081.webp,3,3,,,2,3,2,,,,,,
fran-garcia-rma-2526,GARCÍA,Fran García,Real Madrid,rma,Spain,,1999-08-13,169,,DF,7,frecuente,true,https://assets.virtuafc.com/players/851271.webp,3,2,,,2,2,2,,,,,,
ferland-mendy-rma-2526,MENDY,Ferland Mendy,Real Madrid,rma,France,,1995-06-07,180,,DF,7,comun,true,https://assets.virtuafc.com/players/792073.webp,3,2,,,2,2,2,,,,,,
trent-alexander-arnold-rma-2526,ALEXANDER-ARNOLD,Trent Alexander-Arnold,Real Madrid,rma,England,,1998-10-06,180,,DF,9,rara,false,https://assets.virtuafc.com/players/795064.webp,3,3,,,2,3,2,,,,,,
daniel-carvajal-rma-2526,CARVAJAL,Daniel Carvajal,Real Madrid,rma,Spain,,1992-01-10,173,,DF,7,frecuente,false,https://assets.virtuafc.com/players/138572.webp,3,2,,,2,2,2,,,,,,
aurelien-tchouameni-rma-2526,TCHOUAMÉNI,Aurélien Tchouaméni,Real Madrid,rma,France,,2000-01-26,188,,MF,9,rara,false,https://assets.virtuafc.com/players/859025.webp,3,3,,,2,,3,2,,,,,
federico-valverde-rma-2526,VALVERDE,Federico Valverde,Real Madrid,rma,Uruguay,,1998-07-21,182,,MF,10,rara,false,https://assets.virtuafc.com/players/831808.webp,,3,,,3,,3,3,,2,,,
eduardo-camavinga-rma-2526,CAMAVINGA,Eduardo Camavinga,Real Madrid,rma,France,,2002-11-09,182,,MF,9,frecuente,false,https://assets.virtuafc.com/players/973887.webp,,2,,,2,,3,3,,2,,,
thiago-pitarch-rma-2526,PITARCH,Thiago Pitarch,Real Madrid,rma,Spain,,2007-08-02,179,,MF,7,frecuente,false,,,2,,,2,,3,2,,2,,,
dani-ceballos-rma-2526,CEBALLOS,Dani Ceballos,Real Madrid,rma,Spain,,1996-08-06,179,,MF,7,comun,false,https://assets.virtuafc.com/players/547838.webp,,2,,,2,,3,2,,2,,,
jorge-cestero-rma-2526,CESTERO,Jorge Cestero,Real Madrid,rma,Spain,,2006-03-23,178,,MF,7,comun,false,https://assets.virtuafc.com/players/1590121.webp,,2,,,2,,2,2,,2,,,
manuel-angel-rma-2526,ÁNGEL,Manuel Ángel,Real Madrid,rma,Spain,,2004-03-14,170,,MF,6,comun,false,https://assets.virtuafc.com/players/1142683.webp,,2,,,2,,2,2,,2,,,
jude-bellingham-rma-2526,BELLINGHAM,Jude Bellingham,Real Madrid,rma,England,,2003-06-28,186,,MF,10,rara,false,https://assets.virtuafc.com/players/991011.webp,,,,2,3,,3,3,,3,,,
arda-guler-rma-2526,GÜLER,Arda Güler,Real Madrid,rma,Türkiye,,2005-02-24,175,,MF,9,rara,false,https://assets.virtuafc.com/players/1091116.webp,,,,2,3,,3,2,,3,,,
vinicius-junior-rma-2526,JUNIOR,Vinicius Junior,Real Madrid,rma,Brazil,,2000-07-11,176,,FW,11,rara,false,https://assets.virtuafc.com/players/868812.webp,,,,3,3,3,3,,,,2,,
rodrygo-rma-2526,RODRYGO,Rodrygo,Real Madrid,rma,Brazil,,2001-01-08,174,,FW,9,frecuente,false,https://assets.virtuafc.com/players/910536.webp,,,,2,3,3,2,,,,2,,
franco-mastantuono-rma-2526,MASTANTUONO,Franco Mastantuono,Real Madrid,rma,Argentina,,2007-08-13,178,,FW,8,frecuente,false,https://assets.virtuafc.com/players/1403559.webp,,,,2,3,3,2,,,,2,,
brahim-diaz-rma-2526,DÍAZ,Brahim Díaz,Real Madrid,rma,Morocco,,1999-08-02,170,,FW,8,frecuente,false,https://assets.virtuafc.com/players/835485.webp,,,,2,3,3,2,,,,2,,
kylian-mbappe-rma-2526,MBAPPÉ,Kylian Mbappé,Real Madrid,rma,France,,1998-12-19,180,,FW,11,rara,false,https://assets.virtuafc.com/players/826643.webp,,,3,3,,2,,,,3,3,,
gonzalo-garcia-rma-2526,GARCÍA,Gonzalo García,Real Madrid,rma,Spain,,2004-03-23,182,,FW,8,frecuente,false,https://assets.virtuafc.com/players/1402716.webp,,,2,3,,2,,,,2,3,,
jan-oblak-atm-2526,OBLAK,Jan Oblak,Atlético de Madrid,atm,Slovenia,,1993-01-06,188,,GK,9,frecuente,false,https://assets.virtuafc.com/players/69768.webp,,,,,,,,,,,,3,2
juan-musso-atm-2526,MUSSO,Juan Musso,Atlético de Madrid,atm,Argentina,,1994-05-05,191,,GK,7,comun,false,https://assets.virtuafc.com/players/263651.webp,,,,,,,,,,,,3,2
david-hancko-atm-2526,HANCKO,Dávid Hancko,Atlético de Madrid,atm,Slovakia,,1997-12-12,188,,DF,8,frecuente,false,https://assets.virtuafc.com/players/807771.webp,3,3,2,,,,,2,2,,,,
marc-pubill-atm-2526,PUBILL,Marc Pubill,Atlético de Madrid,atm,Spain,,2003-06-19,190,,DF,8,frecuente,false,https://assets.virtuafc.com/players/1094106.webp,3,3,2,,,,,2,2,,,,
robin-le-normand-atm-2526,NORMAND,Robin Le Normand,Atlético de Madrid,atm,Spain,,1996-11-10,187,,DF,8,frecuente,false,https://assets.virtuafc.com/players/787751.webp,3,3,2,,,,,2,2,,,,
jose-maria-gimenez-atm-2526,GIMÉNEZ,José María Giménez,Atlético de Madrid,atm,Uruguay,,1995-01-19,185,,DF,7,frecuente,false,https://assets.virtuafc.com/players/325355.webp,3,2,2,,,,,2,2,,,,
clement-lenglet-atm-2526,LENGLET,Clément Lenglet,Atlético de Madrid,atm,France,,1995-06-16,186,,DF,7,comun,false,https://assets.virtuafc.com/players/580550.webp,2,2,2,,,,,2,2,,,,
matteo-ruggeri-atm-2526,RUGGERI,Matteo Ruggeri,Atlético de Madrid,atm,Italy,,2002-07-10,187,,DF,7,frecuente,false,https://assets.virtuafc.com/players/965011.webp,3,2,,,2,2,2,,,,,,
marcos-llorente-atm-2526,LLORENTE,Marcos Llorente,Atlético de Madrid,atm,Spain,,1995-01-29,184,,DF,8,frecuente,true,https://assets.virtuafc.com/players/353138.webp,3,3,,,2,2,2,,,,,,
nahuel-molina-atm-2526,MOLINA,Nahuel Molina,Atlético de Madrid,atm,Argentina,,1998-04-05,175,,DF,7,frecuente,false,https://assets.virtuafc.com/players/831799.webp,3,2,,,2,2,2,,,,,,
pablo-barrios-atm-2526,BARRIOS,Pablo Barrios,Atlético de Madrid,atm,Spain,,2003-06-14,181,,MF,9,rara,true,https://assets.virtuafc.com/players/1142588.webp,,2,,,3,,3,3,,2,,,
johnny-cardoso-atm-2526,CARDOSO,Johnny Cardoso,Atlético de Madrid,atm,United States,,2001-09-19,186,,MF,7,frecuente,false,https://assets.virtuafc.com/players/990169.webp,,2,,,2,,3,2,,2,,,
rodrigo-mendoza-atm-2526,MENDOZA,Rodrigo Mendoza,Atlético de Madrid,atm,Spain,,2005-03-14,182,,MF,7,frecuente,false,https://assets.virtuafc.com/players/1391752.webp,,2,,,2,,3,2,,2,,,
obed-vargas-atm-2526,VARGAS,Obed Vargas,Atlético de Madrid,atm,Mexico,,2005-08-04,175,,MF,7,comun,false,https://assets.virtuafc.com/players/1119345.webp,,2,,,2,,2,2,,2,,,
koke-atm-2526,KOKE,Koke,Atlético de Madrid,atm,Spain,,1992-01-07,176,,MF,7,frecuente,false,https://assets.virtuafc.com/players/84539.webp,,2,,,2,,3,2,,2,,,
alex-baena-atm-2526,BAENA,Álex Baena,Atlético de Madrid,atm,Spain,,2001-07-19,174,,FW,8,frecuente,false,https://assets.virtuafc.com/players/910031.webp,,,,2,3,3,2,,,,2,,
nico-gonzalez-atm-2526,GONZÁLEZ,Nico González,Atlético de Madrid,atm,Argentina,,1998-04-05,180,,FW,8,frecuente,false,https://assets.virtuafc.com/players/901325.webp,,,,2,3,3,2,,,,2,,
thiago-almada-atm-2526,ALMADA,Thiago Almada,Atlético de Madrid,atm,Argentina,,2001-04-25,171,,FW,7,frecuente,false,https://assets.virtuafc.com/players/944660.webp,,,,2,2,3,2,,,,2,,
giuliano-simeone-atm-2526,SIMEONE,Giuliano Simeone,Atlético de Madrid,atm,Argentina,,2002-12-17,173,,FW,8,frecuente,true,https://assets.virtuafc.com/players/1099352.webp,,,,2,3,3,2,,,,2,,
ademola-lookman-atm-2526,LOOKMAN,Ademola Lookman,Atlético de Madrid,atm,Nigeria,,1997-10-19,174,,FW,8,frecuente,false,https://assets.virtuafc.com/players/824200.webp,,,,3,2,,2,,,2,3,,
antoine-griezmann-atm-2526,GRIEZMANN,Antoine Griezmann,Atlético de Madrid,atm,France,,1991-03-20,176,,FW,8,frecuente,false,https://assets.virtuafc.com/players/85859.webp,,,,3,2,,2,,,2,3,,
julian-alvarez-atm-2526,ALVAREZ,Julián Alvarez,Atlético de Madrid,atm,Argentina,,2000-01-30,170,,FW,10,rara,false,https://assets.virtuafc.com/players/944656.webp,,,3,3,,2,,,,3,3,,
alexander-s-rloth-atm-2526,SØRLOTH,Alexander Sørloth,Atlético de Madrid,atm,Norway,,1995-12-04,195,,FW,8,frecuente,false,https://assets.virtuafc.com/players/309078.webp,,,2,3,,2,,,,2,3,,
alvaro-valles-bet-2526,VALLES,Álvaro Valles,Real Betis Balompié,bet,Spain,,1997-07-24,191,,GK,7,frecuente,true,https://assets.virtuafc.com/players/964983.webp,,,,,,,,,,,,3,2
pau-lopez-bet-2526,LÓPEZ,Pau López,Real Betis Balompié,bet,Spain,,1994-12-12,189,,GK,7,comun,false,https://assets.virtuafc.com/players/548848.webp,,,,,,,,,,,,2,2
adrian-san-miguel-bet-2526,MIGUEL,Adrián San Miguel,Real Betis Balompié,bet,Spain,,1987-01-02,190,,GK,6,comun,false,https://assets.virtuafc.com/players/50539.webp,,,,,,,,,,,,2,2
natan-bet-2526,NATAN,Natan,Real Betis Balompié,bet,Brazil,,2001-02-05,188,,DF,8,frecuente,false,https://assets.virtuafc.com/players/1015287.webp,3,3,2,,,,,2,2,,,,
valentin-gomez-bet-2526,GÓMEZ,Valentín Gómez,Real Betis Balompié,bet,Argentina,,2003-06-25,181,,DF,7,frecuente,true,https://assets.virtuafc.com/players/1186010.webp,3,2,2,,,,,2,2,,,,
diego-llorente-bet-2526,LLORENTE,Diego Llorente,Real Betis Balompié,bet,Spain,,1993-08-15,186,,DF,6,comun,false,https://assets.virtuafc.com/players/305278.webp,2,2,2,,,,,2,2,,,,
marc-bartra-bet-2526,BARTRA,Marc Bartra,Real Betis Balompié,bet,Spain,,1991-01-14,184,,DF,6,comun,false,https://assets.virtuafc.com/players/99519.webp,2,2,2,,,,,2,2,,,,
junior-firpo-bet-2526,FIRPO,Junior Firpo,Real Betis Balompié,bet,Dominican Republic,,1996-08-21,184,,DF,6,comun,false,https://assets.virtuafc.com/players/914835.webp,2,2,,,2,2,2,,,,,,
ricardo-rodriguez-bet-2526,RODRÍGUEZ,Ricardo Rodríguez,Real Betis Balompié,bet,Switzerland,,1992-08-24,182,,DF,6,comun,false,https://assets.virtuafc.com/players/67769.webp,2,2,,,2,2,2,,,,,,
angel-ortiz-bet-2526,ORTIZ,Ángel Ortiz,Real Betis Balompié,bet,Spain,,2004-07-24,167,,DF,6,comun,false,https://assets.virtuafc.com/players/1152139.webp,2,2,,,2,2,2,,,,,,
hector-bellerin-bet-2526,BELLERÍN,Héctor Bellerín,Real Betis Balompié,bet,Spain,,1995-03-18,178,,DF,6,comun,false,https://assets.virtuafc.com/players/188365.webp,2,2,,,2,2,2,,,,,,
sofyan-amrabat-bet-2526,AMRABAT,Sofyan Amrabat,Real Betis Balompié,bet,Morocco,,1996-08-20,185,,MF,7,frecuente,false,https://assets.virtuafc.com/players/359272.webp,3,2,,,2,,2,2,,,,,
marc-roca-bet-2526,ROCA,Marc Roca,Real Betis Balompié,bet,Spain,,1996-11-25,184,,MF,6,comun,false,https://assets.virtuafc.com/players/847128.webp,2,2,,,2,,2,2,,,,,
sergi-altimira-bet-2526,ALTIMIRA,Sergi Altimira,Real Betis Balompié,bet,Spain,,2001-08-24,188,,MF,7,frecuente,false,https://assets.virtuafc.com/players/1137814.webp,,2,,,2,,3,2,,2,,,
alvaro-fidalgo-bet-2526,FIDALGO,Álvaro Fidalgo,Real Betis Balompié,bet,Mexico,,1997-04-08,174,,MF,7,comun,false,https://assets.virtuafc.com/players/838629.webp,,2,,,2,,3,2,,2,,,
nelson-deossa-bet-2526,DEOSSA,Nelson Deossa,Real Betis Balompié,bet,Colombia,,2000-02-05,185,,MF,7,comun,false,https://assets.virtuafc.com/players/1129401.webp,,2,,,2,,2,2,,2,,,
pablo-fornals-bet-2526,FORNALS,Pablo Fornals,Real Betis Balompié,bet,Spain,,1996-02-21,178,,MF,7,comun,false,https://assets.virtuafc.com/players/816763.webp,,2,,,2,,3,2,,2,,,
giovani-lo-celso-bet-2526,CELSO,Giovani Lo Celso,Real Betis Balompié,bet,Argentina,,1996-04-08,177,,MF,7,frecuente,true,https://assets.virtuafc.com/players/798835.webp,,,,2,2,,3,2,,2,,,
isco-bet-2526,ISCO,Isco,Real Betis Balompié,bet,Spain,,1992-04-20,176,,MF,7,comun,false,https://assets.virtuafc.com/players/103417.webp,,,,2,2,,3,2,,2,,,
abde-ezzalzouli-bet-2526,EZZALZOULI,Abde Ezzalzouli,Real Betis Balompié,bet,Morocco,,2001-12-16,177,,FW,8,frecuente,false,https://assets.virtuafc.com/players/1011375.webp,,,,2,3,3,2,,,,2,,
rodrigo-riquelme-bet-2526,RIQUELME,Rodrigo Riquelme,Real Betis Balompié,bet,Spain,,2000-04-01,174,,FW,6,comun,false,https://assets.virtuafc.com/players/989113.webp,,,,2,2,2,2,,,,2,,
antony-bet-2526,ANTONY,Antony,Real Betis Balompié,bet,Brazil,,2000-02-23,172,,FW,8,frecuente,false,https://assets.virtuafc.com/players/958380.webp,,,,2,3,3,2,,,,2,,
pablo-garcia-bet-2526,GARCÍA,Pablo García,Real Betis Balompié,bet,Spain,,2006-06-12,175,,FW,7,comun,false,,,,,2,2,2,2,,,,2,,
aitor-ruibal-bet-2526,RUIBAL,Aitor Ruibal,Real Betis Balompié,bet,Spain,,1996-03-21,176,,FW,6,comun,false,https://assets.virtuafc.com/players/893062.webp,,,,2,2,2,2,,,,2,,
cucho-hernandez-bet-2526,HERNÁNDEZ,Cucho Hernández,Real Betis Balompié,bet,Colombia,,1999-04-19,176,,FW,7,frecuente,false,https://assets.virtuafc.com/players/887055.webp,,,2,2,,2,,,,2,3,,
chimy-avila-bet-2526,ÁVILA,Chimy Ávila,Real Betis Balompié,bet,Argentina,,1994-02-05,172,,FW,6,comun,false,https://assets.virtuafc.com/players/789381.webp,,,2,2,,2,,,,2,2,,
cedric-bakambu-bet-2526,BAKAMBU,Cédric Bakambu,Real Betis Balompié,bet,DR Congo,,1991-04-10,182,,FW,6,comun,false,https://assets.virtuafc.com/players/115665.webp,,,2,2,,2,,,,2,2,,
joan-garcia-fcb-2526,GARCÍA,Joan García,FC Barcelona,fcb,Spain,,2001-05-03,194,,GK,9,rara,false,https://assets.virtuafc.com/players/930267.webp,,,,,,,,,,,,3,3
wojciech-szczesny-fcb-2526,SZCZĘSNY,Wojciech Szczęsny,FC Barcelona,fcb,Poland,,1990-04-17,195,,GK,6,comun,false,https://assets.virtuafc.com/players/50490.webp,,,,,,,,,,,,2,2
diego-kochen-fcb-2526,KOCHEN,Diego Kochen,FC Barcelona,fcb,United States,,2006-03-18,190,,GK,5,comun,false,,,,,,,,,,,,,2,2
pau-cubarsi-fcb-2526,CUBARSÍ,Pau Cubarsí,FC Barcelona,fcb,Spain,,2007-01-21,184,,DF,8,frecuente,false,https://assets.virtuafc.com/players/1402913.webp,3,3,2,,,,,2,2,,,,
eric-garcia-fcb-2526,GARCÍA,Eric García,FC Barcelona,fcb,Spain,,2001-01-08,182,,DF,8,frecuente,false,https://assets.virtuafc.com/players/876214.webp,3,3,2,,,,,2,2,,,,
ronald-araujo-fcb-2526,ARAUJO,Ronald Araujo,FC Barcelona,fcb,Uruguay,,1999-03-06,192,,DF,7,frecuente,false,https://assets.virtuafc.com/players/925097.webp,3,2,2,,,,,2,2,,,,
andreas-christensen-fcb-2526,CHRISTENSEN,Andreas Christensen,FC Barcelona,fcb,Denmark,,1996-04-09,187,,DF,7,frecuente,false,,3,2,2,,,,,2,2,,,,
alejandro-balde-fcb-2526,BALDE,Alejandro Balde,FC Barcelona,fcb,Spain,,2003-10-17,177,,DF,9,frecuente,false,https://assets.virtuafc.com/players/997035.webp,3,3,,,2,2,2,,,,,,
gerard-martin-fcb-2526,MARTÍN,Gerard Martín,FC Barcelona,fcb,Spain,,2002-02-25,186,,DF,8,frecuente,false,https://assets.virtuafc.com/players/1094827.webp,3,3,,,2,2,2,,,,,,
jules-kounde-fcb-2526,KOUNDÉ,Jules Koundé,FC Barcelona,fcb,France,,1998-11-11,180,,DF,9,rara,true,https://assets.virtuafc.com/players/827212.webp,3,3,,,2,3,2,,,,,,
joao-cancelo-fcb-2526,CANCELO,João Cancelo,FC Barcelona,fcb,Portugal,,1994-05-26,182,,DF,7,frecuente,false,https://assets.virtuafc.com/players/138892.webp,3,2,,,2,2,2,,,,,,
marc-bernal-fcb-2526,BERNAL,Marc Bernal,FC Barcelona,fcb,Spain,,2007-05-25,193,,MF,7,frecuente,false,https://assets.virtuafc.com/players/1526618.webp,3,2,,,2,,2,2,,,,,
marc-casado-fcb-2526,CASADÓ,Marc Casadó,FC Barcelona,fcb,Spain,,2003-09-13,172,,MF,7,frecuente,true,https://assets.virtuafc.com/players/1000483.webp,3,2,,,2,,2,2,,,,,
pedri-fcb-2526,PEDRI,Pedri,FC Barcelona,fcb,Spain,,2002-11-24,174,,MF,10,rara,false,https://assets.virtuafc.com/players/992587.webp,,3,,,3,,3,3,,2,,,
frenkie-de-jong-fcb-2526,JONG,Frenkie de Jong,FC Barcelona,fcb,Netherlands,,1997-05-11,181,,MF,9,frecuente,false,https://assets.virtuafc.com/players/795222.webp,,2,,,2,,3,3,,2,,,
gavi-fcb-2526,GAVI,Gavi,FC Barcelona,fcb,Spain,,2004-08-04,173,,MF,8,frecuente,true,https://assets.virtuafc.com/players/1103693.webp,,2,,,2,,3,3,,2,,,
fermin-lopez-fcb-2526,LÓPEZ,Fermín López,FC Barcelona,fcb,Spain,,2003-05-10,174,,MF,9,rara,false,https://assets.virtuafc.com/players/1153270.webp,,,,2,3,,3,2,,3,,,
dani-olmo-fcb-2526,OLMO,Dani Olmo,FC Barcelona,fcb,Spain,,1998-05-06,179,,MF,9,rara,false,https://assets.virtuafc.com/players/789071.webp,,,,2,3,,3,2,,3,,,
raphinha-fcb-2526,RAPHINHA,Raphinha,FC Barcelona,fcb,Brazil,,1996-12-13,176,,FW,9,rara,false,,,,,3,3,3,2,,,,2,,
marcus-rashford-fcb-2526,RASHFORD,Marcus Rashford,FC Barcelona,fcb,England,,1997-10-30,185,,FW,8,frecuente,false,https://assets.virtuafc.com/players/814590.webp,,,,2,3,3,2,,,,2,,
lamine-yamal-fcb-2526,YAMAL,Lamine Yamal,FC Barcelona,fcb,Spain,,2007-07-12,180,,FW,9,rara,true,https://assets.virtuafc.com/players/1402912.webp,,,,3,3,3,2,,,,2,,
roony-bardghji-fcb-2526,BARDGHJI,Roony Bardghji,FC Barcelona,fcb,Sweden,,2005-11-14,173,,FW,7,frecuente,false,https://assets.virtuafc.com/players/1162107.webp,,,,2,2,3,2,,,,2,,
ferran-torres-fcb-2526,TORRES,Ferran Torres,FC Barcelona,fcb,Spain,,2000-02-28,182,,FW,9,frecuente,false,https://assets.virtuafc.com/players/855833.webp,,,2,3,,2,,,,2,3,,
robert-lewandowski-fcb-2526,LEWANDOWSKI,Robert Lewandowski,FC Barcelona,fcb,Poland,,1988-08-20,185,,FW,8,frecuente,false,https://assets.virtuafc.com/players/41789.webp,,,2,3,,2,,,,2,3,,
unai-simon-ath-2526,SIMÓN,Unai Simón,Athletic Club,ath,Spain,,1997-06-10,190,,GK,9,rara,false,https://assets.virtuafc.com/players/797291.webp,,,,,,,,,,,,3,2
alex-padilla-ath-2526,PADILLA,Álex Padilla,Athletic Club,ath,Mexico,,2003-08-31,190,,GK,6,comun,false,https://assets.virtuafc.com/players/1155116.webp,,,,,,,,,,,,2,2
dani-vivian-ath-2526,VIVIAN,Dani Vivian,Athletic Club,ath,Spain,,1999-07-04,184,,DF,8,frecuente,false,https://assets.virtuafc.com/players/910978.webp,3,3,2,,,,,2,2,,,,
aitor-paredes-ath-2526,PAREDES,Aitor Paredes,Athletic Club,ath,Spain,,2000-04-28,185,,DF,7,frecuente,true,https://assets.virtuafc.com/players/959872.webp,3,2,2,,,,,2,2,,,,
aymeric-laporte-ath-2526,LAPORTE,Aymeric Laporte,Athletic Club,ath,Spain,,1994-05-26,191,,DF,7,frecuente,false,,3,2,2,,,,,2,2,,,,
yeray-alvarez-ath-2526,ÁLVAREZ,Yeray Álvarez,Athletic Club,ath,Spain,,1995-01-23,182,,DF,5,comun,false,https://assets.virtuafc.com/players/807648.webp,2,2,2,,,,,1,2,,,,
unai-egiluz-ath-2526,EGILUZ,Unai Egiluz,Athletic Club,ath,Spain,,2002-03-18,186,,DF,4,comun,false,https://assets.virtuafc.com/players/1391374.webp,2,2,2,,,,,1,1,,,,
adama-boiro-ath-2526,BOIRO,Adama Boiro,Athletic Club,ath,Spain,,2002-06-21,183,,DF,6,comun,false,https://assets.virtuafc.com/players/1398511.webp,2,2,,,2,2,2,,,,,,
yuri-berchiche-ath-2526,BERCHICHE,Yuri Berchiche,Athletic Club,ath,Spain,,1990-02-09,181,,DF,6,comun,false,https://assets.virtuafc.com/players/84531.webp,2,2,,,2,2,2,,,,,,
jesus-areso-ath-2526,ARESO,Jesús Areso,Athletic Club,ath,Spain,,1999-07-01,182,,DF,7,comun,false,https://assets.virtuafc.com/players/910267.webp,2,2,,,2,2,2,,,,,,
andoni-gorosabel-ath-2526,GOROSABEL,Andoni Gorosabel,Athletic Club,ath,Spain,,1996-08-03,174,,DF,6,comun,false,,2,2,,,2,2,2,,,,,,
inigo-lekue-ath-2526,LEKUE,Iñigo Lekue,Athletic Club,ath,Spain,,1993-05-03,180,,DF,5,comun,false,https://assets.virtuafc.com/players/801837.webp,2,2,,,1,2,2,,,,,,
mikel-vesga-ath-2526,VESGA,Mikel Vesga,Athletic Club,ath,Spain,,1993-04-07,191,,MF,6,comun,false,https://assets.virtuafc.com/players/359742.webp,2,2,,,2,,2,2,,,,,
mikel-jauregizar-ath-2526,JAUREGIZAR,Mikel Jauregizar,Athletic Club,ath,Spain,,2003-11-12,177,,MF,8,frecuente,false,https://assets.virtuafc.com/players/1495844.webp,,2,,,2,,3,3,,2,,,
benat-prados-ath-2526,PRADOS,Beñat Prados,Athletic Club,ath,Spain,,2001-02-07,180,,MF,7,frecuente,true,https://assets.virtuafc.com/players/1012409.webp,,2,,,2,,3,2,,2,,,
alejandro-rego-ath-2526,REGO,Alejandro Rego,Athletic Club,ath,Spain,,2003-06-10,192,,MF,6,comun,false,https://assets.virtuafc.com/players/2110897.webp,,2,,,2,,2,2,,2,,,
selton-sanchez-ath-2526,SÁNCHEZ,Selton Sánchez,Athletic Club,ath,Spain,,2007-02-19,185,,MF,6,comun,false,https://assets.virtuafc.com/players/1953923.webp,,2,,,2,,2,2,,2,,,
inigo-ruiz-de-galarreta-ath-2526,GALARRETA,Iñigo Ruiz de Galarreta,Athletic Club,ath,Spain,,1993-08-05,175,,MF,6,comun,false,https://assets.virtuafc.com/players/96365.webp,,2,,,2,,2,2,,2,,,
oihan-sancet-ath-2526,SANCET,Oihan Sancet,Athletic Club,ath,Spain,,2000-04-24,188,,MF,8,frecuente,false,https://assets.virtuafc.com/players/966801.webp,,,,2,3,,3,2,,2,,,
unai-gomez-ath-2526,GÓMEZ,Unai Gómez,Athletic Club,ath,Spain,,2003-05-24,183,,MF,6,comun,false,https://assets.virtuafc.com/players/1391375.webp,,,,2,2,,2,2,,2,,,
nico-williams-ath-2526,WILLIAMS,Nico Williams,Athletic Club,ath,Spain,,2002-07-11,181,,FW,9,frecuente,false,https://assets.virtuafc.com/players/1085400.webp,,,,2,3,3,2,,,,2,,
alex-berenguer-ath-2526,BERENGUER,Álex Berenguer,Athletic Club,ath,Spain,,1995-07-03,175,,FW,7,comun,false,https://assets.virtuafc.com/players/592012.webp,,,,2,2,2,2,,,,2,,
nico-serrano-ath-2526,SERRANO,Nico Serrano,Athletic Club,ath,Spain,,2003-03-04,176,,FW,5,comun,false,https://assets.virtuafc.com/players/1019318.webp,,,,2,2,2,2,,,,1,,
inaki-williams-ath-2526,WILLIAMS,Iñaki Williams,Athletic Club,ath,Ghana,,1994-06-14,186,,FW,7,frecuente,false,,,,,2,2,3,2,,,,2,,
robert-navarro-ath-2526,NAVARRO,Robert Navarro,Athletic Club,ath,Spain,,2002-04-11,178,,FW,6,comun,false,https://assets.virtuafc.com/players/944165.webp,,,,2,2,2,2,,,,2,,
gorka-guruzeta-ath-2526,GURUZETA,Gorka Guruzeta,Athletic Club,ath,Spain,,1996-09-11,188,,FW,6,comun,false,https://assets.virtuafc.com/players/605672.webp,,,2,2,,2,,,,2,2,,
maroan-sannadi-ath-2526,SANNADI,Maroan Sannadi,Athletic Club,ath,Morocco,,2001-01-31,192,,FW,6,comun,false,https://assets.virtuafc.com/players/1520799.webp,,,2,2,,2,,,,2,2,,
urko-izeta-ath-2526,IZETA,Urko Izeta,Athletic Club,ath,Spain,,1999-09-28,175,,FW,5,comun,false,https://assets.virtuafc.com/players/1430667.webp,,,2,2,,1,,,,2,2,,
julen-agirrezabala-val-2526,AGIRREZABALA,Julen Agirrezabala,Valencia CF,val,Spain,,2000-12-25,187,,GK,8,frecuente,false,https://assets.virtuafc.com/players/1014412.webp,,,,,,,,,,,,3,2
stole-dimitrievski-val-2526,DIMITRIEVSKI,Stole Dimitrievski,Valencia CF,val,North Macedonia,,1993-12-24,188,,GK,7,comun,false,https://assets.virtuafc.com/players/97951.webp,,,,,,,,,,,,2,2
cristian-rivero-val-2526,RIVERO,Cristian Rivero,Valencia CF,val,Spain,,1998-03-20,188,,GK,3,comun,true,https://assets.virtuafc.com/players/914744.webp,,,,,,,,,,,,2,1
cesar-tarrega-val-2526,TÁRREGA,César Tárrega,Valencia CF,val,Spain,,2002-02-25,194,,DF,7,frecuente,false,https://assets.virtuafc.com/players/996928.webp,3,2,2,,,,,2,2,,,,
jose-copete-val-2526,COPETE,José Copete,Valencia CF,val,Spain,,1999-10-09,190,,DF,6,comun,false,https://assets.virtuafc.com/players/913695.webp,2,2,2,,,,,2,2,,,,
unai-nunez-val-2526,NÚÑEZ,Unai Núñez,Valencia CF,val,Spain,,1997-01-29,186,,DF,6,comun,false,https://assets.virtuafc.com/players/892521.webp,2,2,2,,,,,2,2,,,,
eray-comert-val-2526,CÖMERT,Eray Cömert,Valencia CF,val,Switzerland,,1998-02-03,183,,DF,5,comun,false,https://assets.virtuafc.com/players/814023.webp,2,2,2,,,,,1,2,,,,
mouctar-diakhaby-val-2526,DIAKHABY,Mouctar Diakhaby,Valencia CF,val,Guinea,,1996-12-18,192,,DF,5,comun,false,https://assets.virtuafc.com/players/797306.webp,2,2,2,,,,,1,2,,,,
jose-gaya-val-2526,GAYÀ,José Gayà,Valencia CF,val,Spain,,1995-05-24,172,,DF,7,comun,false,https://assets.virtuafc.com/players/227922.webp,2,2,,,2,2,2,,,,,,
jesus-vazquez-val-2526,VÁZQUEZ,Jesús Vázquez,Valencia CF,val,Spain,,2003-01-01,182,,DF,6,comun,false,https://assets.virtuafc.com/players/996929.webp,2,2,,,2,2,2,,,,,,
thierry-correia-val-2526,CORREIA,Thierry Correia,Valencia CF,val,Portugal,,1999-03-08,176,,DF,6,comun,false,https://assets.virtuafc.com/players/851282.webp,2,2,,,2,2,2,,,,,,
renzo-saravia-val-2526,SARAVIA,Renzo Saravia,Valencia CF,val,Argentina,,1993-06-15,178,,DF,6,comun,false,,2,2,,,2,2,2,,,,,,
dimitri-foulquier-val-2526,FOULQUIER,Dimitri Foulquier,Valencia CF,val,Guadeloupe,,1993-03-22,183,,DF,5,comun,false,https://assets.virtuafc.com/players/151138.webp,2,2,,,1,2,2,,,,,,
pepelu-val-2526,PEPELU,Pepelu,Valencia CF,val,Spain,,1998-08-10,186,,MF,7,comun,false,https://assets.virtuafc.com/players/826948.webp,2,2,,,2,,2,2,,,,,
guido-rodriguez-val-2526,RODRÍGUEZ,Guido Rodríguez,Valencia CF,val,Argentina,,1994-04-11,185,,MF,7,comun,false,https://assets.virtuafc.com/players/609752.webp,2,2,,,2,,2,2,,,,,
baptiste-santamaria-val-2526,SANTAMARIA,Baptiste Santamaria,Valencia CF,val,France,,1995-03-08,183,,MF,6,comun,false,https://assets.virtuafc.com/players/344751.webp,2,2,,,2,,2,2,,,,,
javi-guerra-val-2526,GUERRA,Javi Guerra,Valencia CF,val,Spain,,2003-05-12,187,,MF,8,frecuente,false,https://assets.virtuafc.com/players/1122610.webp,,2,,,2,,3,3,,2,,,
filip-ugrinic-val-2526,UGRINIC,Filip Ugrinic,Valencia CF,val,Switzerland,,1999-01-04,184,,MF,6,comun,true,https://assets.virtuafc.com/players/857482.webp,,2,,,2,,2,2,,2,,,
andre-almeida-val-2526,ALMEIDA,André Almeida,Valencia CF,val,Portugal,,2000-05-29,176,,MF,7,comun,false,https://assets.virtuafc.com/players/845693.webp,,,,2,2,,2,2,,2,,,
largie-ramazani-val-2526,RAMAZANI,Largie Ramazani,Valencia CF,val,Belgium,,2001-02-26,168,,FW,7,comun,false,https://assets.virtuafc.com/players/909966.webp,,,,2,2,2,2,,,,2,,
arnaut-danjuma-val-2526,DANJUMA,Arnaut Danjuma,Valencia CF,val,Netherlands,,1997-01-30,178,,FW,6,comun,false,https://assets.virtuafc.com/players/827064.webp,,,,2,2,2,2,,,,2,,
diego-lopez-val-2526,LÓPEZ,Diego López,Valencia CF,val,Spain,,2002-05-12,172,,FW,7,frecuente,true,https://assets.virtuafc.com/players/998950.webp,,,,2,2,3,2,,,,2,,
luis-rioja-val-2526,RIOJA,Luis Rioja,Valencia CF,val,Spain,,1993-10-15,176,,FW,6,comun,false,https://assets.virtuafc.com/players/900433.webp,,,,2,2,2,2,,,,2,,
dani-raba-val-2526,RABA,Dani Raba,Valencia CF,val,Spain,,1995-10-28,185,,FW,5,comun,false,https://assets.virtuafc.com/players/873947.webp,,,,2,2,,1,,,2,2,,
hugo-duro-val-2526,DURO,Hugo Duro,Valencia CF,val,Spain,,1999-11-09,177,,FW,7,frecuente,false,https://assets.virtuafc.com/players/909119.webp,,,2,2,,2,,,,2,3,,
lucas-beltran-val-2526,BELTRÁN,Lucas Beltrán,Valencia CF,val,Argentina,,2001-03-28,176,,FW,7,comun,false,https://assets.virtuafc.com/players/962029.webp,,,2,2,,2,,,,2,2,,
umar-sadiq-val-2526,SADIQ,Umar Sadiq,Valencia CF,val,Nigeria,,1997-02-01,191,,FW,6,comun,false,https://assets.virtuafc.com/players/754710.webp,,,2,2,,2,,,,2,2,,
odysseas-vlachodimos-sev-2526,VLACHODIMOS,Odysseas Vlachodimos,Sevilla FC,sev,Greece,,1994-04-25,191,,GK,7,frecuente,true,https://assets.virtuafc.com/players/138149.webp,,,,,,,,,,,,3,2
rjan-nyland-sev-2526,NYLAND,Ørjan Nyland,Sevilla FC,sev,Norway,,1990-09-09,192,,GK,6,comun,false,https://assets.virtuafc.com/players/22209.webp,,,,,,,,,,,,2,2
kike-salas-sev-2526,SALAS,Kike Salas,Sevilla FC,sev,Spain,,2002-04-22,188,,DF,7,comun,false,https://assets.virtuafc.com/players/1097719.webp,2,2,2,,,,,2,2,,,,
marcao-sev-2526,MARCÃO,Marcão,Sevilla FC,sev,Brazil,,1996-06-04,185,,DF,6,comun,false,https://assets.virtuafc.com/players/840951.webp,2,2,2,,,,,2,2,,,,
fabio-cardoso-sev-2526,CARDOSO,Fábio Cardoso,Sevilla FC,sev,Portugal,,1994-04-18,187,,DF,6,comun,false,https://assets.virtuafc.com/players/252815.webp,2,2,2,,,,,2,2,,,,
andres-castrin-sev-2526,CASTRÍN,Andrés Castrín,Sevilla FC,sev,Spain,,2003-05-25,188,,DF,5,comun,false,https://assets.virtuafc.com/players/1428699.webp,2,2,2,,,,,1,2,,,,
tanguy-nianzou-sev-2526,NIANZOU,Tanguy Nianzou,Sevilla FC,sev,France,,2002-06-06,191,,DF,5,comun,false,https://assets.virtuafc.com/players/1003007.webp,2,2,2,,,,,1,2,,,,
cesar-azpilicueta-sev-2526,AZPILICUETA,César Azpilicueta,Sevilla FC,sev,Spain,,1989-08-27,178,,DF,6,comun,false,https://assets.virtuafc.com/players/21555.webp,2,2,2,,,,,2,2,,,,
federico-gattoni-sev-2526,GATTONI,Federico Gattoni,Sevilla FC,sev,Argentina,,1999-02-15,183,,DF,5,comun,false,https://assets.virtuafc.com/players/941464.webp,2,2,2,,,,,1,2,,,,
gabriel-suazo-sev-2526,SUAZO,Gabriel Suazo,Sevilla FC,sev,Chile,,1997-08-08,178,,DF,6,comun,false,https://assets.virtuafc.com/players/818986.webp,2,2,,,2,2,2,,,,,,
oso-sev-2526,OSO,Oso,Sevilla FC,sev,Spain,,2003-07-08,183,,DF,6,comun,false,,2,2,,,2,2,2,,,,,,
juanlu-sanchez-sev-2526,SÁNCHEZ,Juanlu Sánchez,Sevilla FC,sev,Spain,,2003-08-14,186,,DF,7,frecuente,true,https://assets.virtuafc.com/players/1010655.webp,3,2,,,2,2,2,,,,,,
jose-angel-carmona-sev-2526,CARMONA,José Ángel Carmona,Sevilla FC,sev,Spain,,2002-01-28,184,,DF,7,frecuente,false,https://assets.virtuafc.com/players/1015240.webp,3,2,,,2,2,2,,,,,,
lucien-agoume-sev-2526,AGOUMÉ,Lucien Agoumé,Sevilla FC,sev,France,,2002-02-08,185,,MF,7,frecuente,false,https://assets.virtuafc.com/players/960006.webp,3,2,,,2,,2,2,,,,,
batista-mendy-sev-2526,MENDY,Batista Mendy,Sevilla FC,sev,France,,2000-01-11,191,,MF,7,comun,true,https://assets.virtuafc.com/players/859021.webp,3,2,,,2,,2,2,,,,,
nemanja-gudelj-sev-2526,GUDELJ,Nemanja Gudelj,Sevilla FC,sev,Serbia,,1991-11-15,187,,MF,6,comun,false,https://assets.virtuafc.com/players/68332.webp,2,2,,,2,,2,2,,,,,
djibril-sow-sev-2526,SOW,Djibril Sow,Sevilla FC,sev,Switzerland,,1997-02-05,184,,MF,7,comun,false,https://assets.virtuafc.com/players/799054.webp,,2,,,2,,2,2,,2,,,
joan-jordan-sev-2526,JORDÁN,Joan Jordán,Sevilla FC,sev,Spain,,1994-07-05,185,,MF,6,comun,false,https://assets.virtuafc.com/players/591750.webp,,2,,,2,,2,2,,2,,,
manu-bueno-sev-2526,BUENO,Manu Bueno,Sevilla FC,sev,Spain,,2004-07-26,178,,MF,5,comun,false,https://assets.virtuafc.com/players/1142094.webp,,2,,,2,,2,2,,1,,,
ruben-vargas-sev-2526,VARGAS,Rubén Vargas,Sevilla FC,sev,Switzerland,,1998-08-04,179,,FW,7,frecuente,false,https://assets.virtuafc.com/players/872919.webp,,,,2,2,3,2,,,,2,,
chidera-ejuke-sev-2526,EJUKE,Chidera Ejuke,Sevilla FC,sev,Nigeria,,1998-01-01,176,,FW,6,comun,false,https://assets.virtuafc.com/players/875890.webp,,,,2,2,2,2,,,,2,,
adnan-januzaj-sev-2526,JANUZAJ,Adnan Januzaj,Sevilla FC,sev,Belgium,,1995-02-04,186,,FW,5,comun,false,https://assets.virtuafc.com/players/328145.webp,,,,2,2,2,2,,,,1,,
miguel-angel-sierra-sev-2526,SIERRA,Miguel Ángel Sierra,Sevilla FC,sev,Spain,,2004-07-13,181,,FW,4,comun,false,,,,,1,2,2,1,,,,1,,
peque-fernandez-sev-2526,FERNÁNDEZ,Peque Fernández,Sevilla FC,sev,Spain,,2002-10-03,172,,FW,6,comun,false,https://assets.virtuafc.com/players/997033.webp,,,,2,2,,2,,,2,2,,
alexis-sanchez-sev-2526,SÁNCHEZ,Alexis Sánchez,Sevilla FC,sev,Chile,,1988-12-18,169,,FW,6,comun,false,https://assets.virtuafc.com/players/34120.webp,,,,2,2,,2,,,2,2,,
akor-adams-sev-2526,ADAMS,Akor Adams,Sevilla FC,sev,Nigeria,,2000-01-28,190,,FW,7,frecuente,false,https://assets.virtuafc.com/players/946381.webp,,,2,2,,2,,,,2,3,,
isaac-romero-sev-2526,ROMERO,Isaac Romero,Sevilla FC,sev,Spain,,2000-05-17,183,,FW,6,comun,false,https://assets.virtuafc.com/players/1018190.webp,,,2,2,,2,,,,2,2,,
neal-maupay-sev-2526,MAUPAY,Neal Maupay,Sevilla FC,sev,France,,1996-08-13,171,,FW,6,comun,false,https://assets.virtuafc.com/players/268903.webp,,,2,2,,2,,,,2,2,,
alex-remiro-rso-2526,REMIRO,Álex Remiro,Real Sociedad,rso,Spain,,1995-03-23,191,,GK,8,frecuente,false,https://assets.virtuafc.com/players/791773.webp,,,,,,,,,,,,3,2
unai-marrero-rso-2526,MARRERO,Unai Marrero,Real Sociedad,rso,Spain,,2001-10-08,189,,GK,5,comun,false,https://assets.virtuafc.com/players/1094782.webp,,,,,,,,,,,,2,2
jon-martin-rso-2526,MARTÍN,Jon Martín,Real Sociedad,rso,Spain,,2006-04-22,187,,DF,7,frecuente,false,https://assets.virtuafc.com/players/1466116.webp,3,2,2,,,,,2,2,,,,
igor-zubeldia-rso-2526,ZUBELDIA,Igor Zubeldia,Real Sociedad,rso,Spain,,1997-03-29,181,,DF,7,comun,false,https://assets.virtuafc.com/players/838159.webp,3,2,2,,,,,2,2,,,,
duje-caleta-car-rso-2526,CALETA-CAR,Duje Caleta-Car,Real Sociedad,rso,Croatia,,1996-09-16,193,,DF,6,comun,false,https://assets.virtuafc.com/players/257091.webp,2,2,2,,,,,2,2,,,,
aritz-elustondo-rso-2526,ELUSTONDO,Aritz Elustondo,Real Sociedad,rso,Spain,,1994-03-27,180,,DF,6,comun,false,https://assets.virtuafc.com/players/785468.webp,2,2,2,,,,,2,2,,,,
sergio-gomez-rso-2526,GÓMEZ,Sergio Gómez,Real Sociedad,rso,Spain,,2000-09-03,171,,DF,7,frecuente,false,https://assets.virtuafc.com/players/855835.webp,3,2,,,2,2,2,,,,,,
aihen-munoz-rso-2526,MUÑOZ,Aihen Muñoz,Real Sociedad,rso,Spain,,1997-08-15,175,,DF,6,comun,false,https://assets.virtuafc.com/players/966441.webp,2,2,,,2,2,2,,,,,,
jon-aramburu-rso-2526,ARAMBURU,Jon Aramburu,Real Sociedad,rso,Venezuela,,2002-07-22,176,,DF,7,frecuente,false,https://assets.virtuafc.com/players/1116388.webp,3,2,,,2,2,2,,,,,,
alvaro-odriozola-rso-2526,ODRIOZOLA,Álvaro Odriozola,Real Sociedad,rso,Spain,,1995-12-13,176,,DF,5,comun,false,https://assets.virtuafc.com/players/353250.webp,2,2,,,1,2,2,,,,,,
jon-gorrotxategi-rso-2526,GORROTXATEGI,Jon Gorrotxategi,Real Sociedad,rso,Spain,,2002-02-01,177,,MF,8,frecuente,true,https://assets.virtuafc.com/players/1216309.webp,3,3,,,2,,2,2,,,,,
benat-turrientes-rso-2526,TURRIENTES,Beñat Turrientes,Real Sociedad,rso,Spain,,2002-01-30,181,,MF,7,comun,false,https://assets.virtuafc.com/players/980410.webp,,2,,,2,,3,2,,2,,,
luka-sucic-rso-2526,SUCIC,Luka Sucic,Real Sociedad,rso,Croatia,,2002-09-07,185,,MF,7,comun,true,https://assets.virtuafc.com/players/949156.webp,,2,,,2,,3,2,,2,,,
yangel-herrera-rso-2526,HERRERA,Yangel Herrera,Real Sociedad,rso,Venezuela,,1998-01-06,184,,MF,7,comun,false,https://assets.virtuafc.com/players/839585.webp,,2,,,2,,2,2,,2,,,
carlos-soler-rso-2526,SOLER,Carlos Soler,Real Sociedad,rso,Spain,,1997-01-01,180,,MF,7,comun,false,https://assets.virtuafc.com/players/832427.webp,,2,,,2,,3,2,,2,,,
brais-mendez-rso-2526,MÉNDEZ,Brais Méndez,Real Sociedad,rso,Spain,,1997-01-06,184,,MF,7,frecuente,false,https://assets.virtuafc.com/players/845385.webp,,,,2,2,,3,2,,2,,,
arsen-zakharyan-rso-2526,ZAKHARYAN,Arsen Zakharyan,Real Sociedad,rso,Russia,,2003-05-25,183,,MF,7,comun,false,https://assets.virtuafc.com/players/1066045.webp,,,,2,2,,3,2,,2,,,
pablo-marin-rso-2526,MARÍN,Pablo Marín,Real Sociedad,rso,Spain,,2003-07-02,178,,MF,7,comun,false,https://assets.virtuafc.com/players/1139409.webp,,,,2,2,,2,2,,2,,,
ander-barrenetxea-rso-2526,BARRENETXEA,Ander Barrenetxea,Real Sociedad,rso,Spain,,2001-12-26,175,,FW,7,frecuente,false,https://assets.virtuafc.com/players/966862.webp,,,,2,2,3,2,,,,2,,
goncalo-guedes-rso-2526,GUEDES,Gonçalo Guedes,Real Sociedad,rso,Portugal,,1996-11-28,179,,FW,6,comun,false,https://assets.virtuafc.com/players/280979.webp,,,,2,2,2,2,,,,2,,
wesley-rso-2526,WESLEY,Wesley,Real Sociedad,rso,Brazil,,2005-03-04,180,,FW,6,comun,false,https://assets.virtuafc.com/players/1211632.webp,,,,2,2,2,2,,,,2,,
takefusa-kubo-rso-2526,KUBO,Takefusa Kubo,Real Sociedad,rso,Japan,,2001-06-03,173,,FW,8,frecuente,false,https://assets.virtuafc.com/players/880218.webp,,,,2,3,3,2,,,,2,,
mikel-oyarzabal-rso-2526,OYARZABAL,Mikel Oyarzabal,Real Sociedad,rso,Spain,,1997-04-20,181,,FW,8,frecuente,false,https://assets.virtuafc.com/players/823622.webp,,,2,3,,2,,,,2,3,,
orri-oskarsson-rso-2526,ÓSKARSSON,Orri Óskarsson,Real Sociedad,rso,Iceland,,2004-08-28,186,,FW,7,frecuente,false,https://assets.virtuafc.com/players/1026015.webp,,,2,2,,2,,,,2,3,,
jon-karrikaburu-rso-2526,KARRIKABURU,Jon Karrikaburu,Real Sociedad,rso,Spain,,2002-09-18,183,,FW,5,comun,true,https://assets.virtuafc.com/players/1099175.webp,,,2,2,,1,,,,2,2,,
marko-dmitrovic-esp-2526,DMITROVIC,Marko Dmitrovic,RCD Espanyol Barcelona,esp,Serbia,,1992-01-23,189,,GK,6,comun,false,https://assets.virtuafc.com/players/94527.webp,,,,,,,,,,,,2,2
angel-fortuno-esp-2526,FORTUÑO,Ángel Fortuño,RCD Espanyol Barcelona,esp,Spain,,2001-10-04,183,,GK,4,comun,false,,,,,,,,,,,,,2,1
clemens-riedel-esp-2526,RIEDEL,Clemens Riedel,RCD Espanyol Barcelona,esp,Germany,,2003-07-18,186,,DF,6,comun,false,https://assets.virtuafc.com/players/1129360.webp,2,2,2,,,,,2,2,,,,
fernando-calero-esp-2526,CALERO,Fernando Calero,RCD Espanyol Barcelona,esp,Spain,,1995-09-13,184,,DF,6,comun,false,https://assets.virtuafc.com/players/857205.webp,2,2,2,,,,,2,2,,,,
miguel-rubio-esp-2526,RUBIO,Miguel Rubio,RCD Espanyol Barcelona,esp,Spain,,1998-03-10,191,,DF,5,comun,false,https://assets.virtuafc.com/players/934351.webp,2,2,2,,,,,1,2,,,,
leandro-cabrera-esp-2526,CABRERA,Leandro Cabrera,RCD Espanyol Barcelona,esp,Uruguay,,1991-06-16,190,,DF,6,comun,false,https://assets.virtuafc.com/players/81992.webp,2,2,2,,,,,2,2,,,,
carlos-romero-esp-2526,ROMERO,Carlos Romero,RCD Espanyol Barcelona,esp,Spain,,2001-10-28,174,,DF,8,frecuente,false,https://assets.virtuafc.com/players/1396048.webp,3,3,,,2,2,2,,,,,,
jose-salinas-esp-2526,SALINAS,José Salinas,RCD Espanyol Barcelona,esp,Spain,,2000-09-29,178,,DF,6,comun,false,https://assets.virtuafc.com/players/1068891.webp,2,2,,,2,2,2,,,,,,
omar-el-hilali-esp-2526,HILALI,Omar El Hilali,RCD Espanyol Barcelona,esp,Morocco,,2003-09-11,183,,DF,7,frecuente,false,https://assets.virtuafc.com/players/1064026.webp,3,2,,,2,2,2,,,,,,
ruben-sanchez-esp-2526,SÁNCHEZ,Rubén Sánchez,RCD Espanyol Barcelona,esp,Spain,,2001-02-03,185,,DF,5,comun,false,https://assets.virtuafc.com/players/1021165.webp,2,2,,,1,2,2,,,,,,
urko-gonzalez-de-zarate-esp-2526,ZÁRATE,Urko González de Zárate,RCD Espanyol Barcelona,esp,Spain,,2001-03-19,189,,MF,7,comun,false,,3,2,,,2,,2,2,,,,,
charles-pickel-esp-2526,PICKEL,Charles Pickel,RCD Espanyol Barcelona,esp,DR Congo,,1997-05-14,187,,MF,6,comun,false,,2,2,,,2,,2,2,,,,,
pol-lozano-esp-2526,LOZANO,Pol Lozano,RCD Espanyol Barcelona,esp,Spain,,1999-10-05,176,,MF,6,comun,false,https://assets.virtuafc.com/players/826010.webp,,2,,,2,,2,2,,2,,,
edu-exposito-esp-2526,EXPÓSITO,Edu Expósito,RCD Espanyol Barcelona,esp,Spain,,1996-07-31,178,,MF,6,comun,false,https://assets.virtuafc.com/players/877262.webp,,2,,,2,,2,2,,2,,,
ramon-terrats-esp-2526,TERRATS,Ramón Terrats,RCD Espanyol Barcelona,esp,Spain,,2000-10-17,181,,MF,6,comun,false,https://assets.virtuafc.com/players/1088565.webp,,2,,,2,,2,2,,2,,,
javi-puado-esp-2526,PUADO,Javi Puado,RCD Espanyol Barcelona,esp,Spain,,1998-05-24,177,,FW,7,comun,false,https://assets.virtuafc.com/players/891511.webp,,,,2,2,2,2,,,,2,,
pere-milla-esp-2526,MILLA,Pere Milla,RCD Espanyol Barcelona,esp,Spain,,1992-09-22,180,,FW,5,comun,false,https://assets.virtuafc.com/players/175185.webp,,,,2,2,2,2,,,,1,,
tyrhys-dolan-esp-2526,DOLAN,Tyrhys Dolan,RCD Espanyol Barcelona,esp,England,,2001-12-27,170,,FW,7,comun,false,https://assets.virtuafc.com/players/1063015.webp,,,,2,2,3,2,,,,2,,
cyril-ngonge-esp-2526,NGONGE,Cyril Ngonge,RCD Espanyol Barcelona,esp,Belgium,,2000-05-25,180,,FW,7,comun,false,https://assets.virtuafc.com/players/877037.webp,,,,2,2,2,2,,,,2,,
jofre-carreras-esp-2526,CARRERAS,Jofre Carreras,RCD Espanyol Barcelona,esp,Spain,,2001-06-16,175,,FW,6,comun,false,https://assets.virtuafc.com/players/1019236.webp,,,,2,2,2,2,,,,2,,
antoniu-roca-esp-2526,ROCA,Antoniu Roca,RCD Espanyol Barcelona,esp,Spain,,2002-09-04,180,,FW,5,comun,true,https://assets.virtuafc.com/players/1099344.webp,,,,2,2,2,2,,,,1,,
roberto-fernandez-esp-2526,FERNÁNDEZ,Roberto Fernández,RCD Espanyol Barcelona,esp,Spain,,2002-07-02,186,,FW,7,comun,false,https://assets.virtuafc.com/players/1392592.webp,,,2,2,,2,,,,2,3,,
kike-garcia-esp-2526,GARCÍA,Kike García,RCD Espanyol Barcelona,esp,Spain,,1989-11-24,186,,FW,6,comun,false,https://assets.virtuafc.com/players/84972.webp,,,2,2,,2,,,,2,2,,
inaki-pena-elc-2526,PEÑA,Iñaki Peña,Elche CF,elc,Spain,,1999-03-01,184,,GK,7,comun,false,https://assets.virtuafc.com/players/794949.webp,,,,,,,,,,,,3,2
alejandro-iturbe-elc-2526,ITURBE,Alejandro Iturbe,Elche CF,elc,Spain,,2003-09-01,186,,GK,6,comun,false,https://assets.virtuafc.com/players/1019324.webp,,,,,,,,,,,,2,2
matias-dituro-elc-2526,DITURO,Matías Dituro,Elche CF,elc,Argentina,,1987-05-07,191,,GK,5,comun,false,https://assets.virtuafc.com/players/556884.webp,,,,,,,,,,,,2,2
david-affengruber-elc-2526,AFFENGRUBER,David Affengruber,Elche CF,elc,Austria,,2001-03-18,185,,DF,7,comun,false,https://assets.virtuafc.com/players/988672.webp,2,2,2,,,,,2,2,,,,
victor-chust-elc-2526,CHUST,Víctor Chust,Elche CF,elc,Spain,,2000-03-04,184,,DF,6,comun,true,https://assets.virtuafc.com/players/855831.webp,2,2,2,,,,,2,2,,,,
john-donald-elc-2526,DONALD,John Donald,Elche CF,elc,Spain,,2000-09-24,182,,DF,5,comun,false,https://assets.virtuafc.com/players/1094758.webp,2,2,2,,,,,1,2,,,,
pedro-bigas-elc-2526,BIGAS,Pedro Bigas,Elche CF,elc,Spain,,1990-05-14,181,,DF,5,comun,false,,2,2,2,,,,,1,2,,,,
adria-pedrosa-elc-2526,PEDROSA,Adrià Pedrosa,Elche CF,elc,Spain,,1998-05-12,172,,DF,6,comun,false,https://assets.virtuafc.com/players/928672.webp,2,2,,,2,2,2,,,,,,
leo-petrot-elc-2526,PÉTROT,Léo Pétrot,Elche CF,elc,France,,1997-04-14,188,,DF,5,comun,false,https://assets.virtuafc.com/players/827504.webp,2,2,,,1,2,2,,,,,,
hector-fort-elc-2526,FORT,Héctor Fort,Elche CF,elc,Spain,,2006-08-01,185,,DF,7,frecuente,false,https://assets.virtuafc.com/players/1402908.webp,3,2,,,2,2,2,,,,,,
buba-sangare-elc-2526,SANGARÉ,Buba Sangaré,Elche CF,elc,Spain,,2007-08-05,183,,DF,5,comun,false,https://assets.virtuafc.com/players/1542721.webp,2,2,,,1,2,2,,,,,,
federico-redondo-elc-2526,REDONDO,Federico Redondo,Elche CF,elc,Argentina,,2003-01-17,188,,MF,6,comun,false,https://assets.virtuafc.com/players/1117026.webp,2,2,,,2,,2,2,,,,,
marc-aguado-elc-2526,AGUADO,Marc Aguado,Elche CF,elc,Spain,,2000-02-21,182,,MF,6,comun,true,https://assets.virtuafc.com/players/1014595.webp,2,2,,,2,,2,2,,,,,
aleix-febas-elc-2526,FEBAS,Aleix Febas,Elche CF,elc,Spain,,1996-02-01,172,,MF,6,comun,false,https://assets.virtuafc.com/players/286167.webp,,2,,,2,,2,2,,2,,,
martim-neto-elc-2526,NETO,Martim Neto,Elche CF,elc,Portugal,,2003-01-13,185,,MF,6,comun,false,,,2,,,2,,2,2,,2,,,
gonzalo-villar-elc-2526,VILLAR,Gonzalo Villar,Elche CF,elc,Spain,,1998-03-22,181,,MF,5,comun,false,https://assets.virtuafc.com/players/914765.webp,,2,,,2,,2,2,,1,,,
german-valera-elc-2526,VALERA,Germán Valera,Elche CF,elc,Spain,,2002-03-15,170,,FW,6,comun,false,https://assets.virtuafc.com/players/962710.webp,,,,2,2,2,2,,,,2,,
lucas-cepeda-elc-2526,CEPEDA,Lucas Cepeda,Elche CF,elc,Chile,,2002-10-30,177,,FW,6,comun,false,https://assets.virtuafc.com/players/1126447.webp,,,,2,2,2,2,,,,2,,
tete-morente-elc-2526,MORENTE,Tete Morente,Elche CF,elc,Spain,,1996-12-03,184,,FW,5,comun,false,https://assets.virtuafc.com/players/605374.webp,,,,2,2,2,2,,,,1,,
yago-santiago-elc-2526,SANTIAGO,Yago Santiago,Elche CF,elc,Spain,,2003-04-14,180,,FW,5,comun,false,https://assets.virtuafc.com/players/1092515.webp,,,,2,2,2,2,,,,1,,
grady-diangana-elc-2526,DIANGANA,Grady Diangana,Elche CF,elc,DR Congo,,1998-04-18,180,,FW,5,comun,false,https://assets.virtuafc.com/players/848512.webp,,,,2,2,2,2,,,,1,,
josan-elc-2526,JOSAN,Josan,Elche CF,elc,Spain,,1989-12-02,176,,FW,4,comun,true,https://assets.virtuafc.com/players/808955.webp,,,,2,2,2,1,,,,1,,
adam-boayar-elc-2526,BOAYAR,Adam Boayar,Elche CF,elc,Morocco,,2005-10-12,180,,FW,5,comun,false,,,,,2,2,,1,,,1,2,,
alvaro-rodriguez-elc-2526,RODRÍGUEZ,Álvaro Rodríguez,Elche CF,elc,Uruguay,,2004-07-13,193,,FW,6,comun,false,https://assets.virtuafc.com/players/1154587.webp,,,2,2,,2,,,,2,2,,
rafa-mir-elc-2526,MIR,Rafa Mir,Elche CF,elc,Spain,,1997-06-17,191,,FW,6,comun,false,,,,2,2,,2,,,,2,2,,
andre-silva-elc-2526,SILVA,André Silva,Elche CF,elc,Portugal,,1995-11-05,186,,FW,6,comun,false,https://assets.virtuafc.com/players/190159.webp,,,2,2,,2,,,,2,2,,
aaron-escandell-ovi-2526,ESCANDELL,Aarón Escandell,Real Oviedo,ovi,Spain,,1995-09-26,184,,GK,7,comun,true,https://assets.virtuafc.com/players/368922.webp,,,,,,,,,,,,2,2
horatiu-moldovan-ovi-2526,MOLDOVAN,Horațiu Moldovan,Real Oviedo,ovi,Romania,,1998-01-19,186,,GK,6,comun,false,https://assets.virtuafc.com/players/857065.webp,,,,,,,,,,,,2,2
david-carmo-ovi-2526,CARMO,David Carmo,Real Oviedo,ovi,Angola,,1999-07-18,196,,DF,7,comun,false,https://assets.virtuafc.com/players/892235.webp,2,2,2,,,,,2,2,,,,
eric-bailly-ovi-2526,BAILLY,Eric Bailly,Real Oviedo,ovi,Cote d'Ivoire,,1994-04-11,187,,DF,6,comun,false,https://assets.virtuafc.com/players/606346.webp,2,2,2,,,,,2,2,,,,
david-costas-ovi-2526,COSTAS,David Costas,Real Oviedo,ovi,Spain,,1995-03-25,184,,DF,5,comun,false,https://assets.virtuafc.com/players/345333.webp,2,2,2,,,,,1,2,,,,
dani-calvo-ovi-2526,CALVO,Dani Calvo,Real Oviedo,ovi,Spain,,1994-03-31,193,,DF,5,comun,false,https://assets.virtuafc.com/players/560756.webp,2,2,2,,,,,1,2,,,,
javi-lopez-ovi-2526,LÓPEZ,Javi López,Real Oviedo,ovi,Spain,,2002-03-24,183,,DF,6,comun,false,https://assets.virtuafc.com/players/945404.webp,2,2,,,2,2,2,,,,,,
rahim-alhassane-ovi-2526,ALHASSANE,Rahim Alhassane,Real Oviedo,ovi,Niger,,2001-12-31,184,,DF,5,comun,true,,2,2,,,1,2,2,,,,,,
nacho-vidal-ovi-2526,VIDAL,Nacho Vidal,Real Oviedo,ovi,Spain,,1995-01-23,180,,DF,5,comun,false,https://assets.virtuafc.com/players/844752.webp,2,2,,,1,2,2,,,,,,
lucas-ahijado-ovi-2526,AHIJADO,Lucas Ahijado,Real Oviedo,ovi,Spain,,1995-01-29,174,,DF,5,comun,false,https://assets.virtuafc.com/players/597876.webp,2,2,,,1,2,2,,,,,,
santiago-colombatto-ovi-2526,COLOMBATTO,Santiago Colombatto,Real Oviedo,ovi,Argentina,,1997-01-16,178,,MF,6,comun,false,https://assets.virtuafc.com/players/822379.webp,2,2,,,2,,2,2,,,,,
leander-dendoncker-ovi-2526,DENDONCKER,Leander Dendoncker,Real Oviedo,ovi,Belgium,,1995-04-14,188,,MF,6,comun,false,https://assets.virtuafc.com/players/190405.webp,2,2,,,2,,2,2,,,,,
nicolas-fonseca-ovi-2526,FONSECA,Nicolás Fonseca,Real Oviedo,ovi,Uruguay,,1998-10-18,181,,MF,6,comun,false,https://assets.virtuafc.com/players/944629.webp,2,2,,,2,,2,2,,,,,
alberto-reina-ovi-2526,REINA,Alberto Reina,Real Oviedo,ovi,Spain,,1997-11-18,179,,MF,5,comun,false,https://assets.virtuafc.com/players/882475.webp,,2,,,2,,2,2,,1,,,
kwasi-sibo-ovi-2526,SIBO,Kwasi Sibo,Real Oviedo,ovi,Ghana,,1998-06-23,183,,MF,5,comun,false,https://assets.virtuafc.com/players/905639.webp,,2,,,2,,2,2,,1,,,
santi-cazorla-ovi-2526,CAZORLA,Santi Cazorla,Real Oviedo,ovi,Spain,,1984-12-12,168,,MF,5,comun,false,https://assets.virtuafc.com/players/17651.webp,,2,,,2,,2,2,,1,,,
luka-ilic-ovi-2526,ILIC,Luka Ilic,Real Oviedo,ovi,Serbia,,1999-07-01,185,,MF,5,comun,false,https://assets.virtuafc.com/players/885664.webp,,,,1,2,,2,2,,2,,,
pablo-agudin-ovi-2526,AGUDÍN,Pablo Agudín,Real Oviedo,ovi,Spain,,2007-11-07,178,,MF,5,comun,false,,,,,1,2,,2,1,,2,,,
thiago-fernandez-ovi-2526,FERNÁNDEZ,Thiago Fernández,Real Oviedo,ovi,Argentina,,2004-04-02,175,,FW,6,comun,true,https://assets.virtuafc.com/players/1201412.webp,,,,2,2,2,2,,,,2,,
ilyas-chaira-ovi-2526,CHAIRA,Ilyas Chaira,Real Oviedo,ovi,Morocco,,2001-02-01,179,,FW,6,comun,false,https://assets.virtuafc.com/players/1008037.webp,,,,2,2,2,2,,,,2,,
ovie-ejaria-ovi-2526,EJARIA,Ovie Ejaria,Real Oviedo,ovi,England,,1997-11-17,188,,FW,4,comun,false,,,,,2,2,2,1,,,,1,,
haissem-hassan-ovi-2526,HASSAN,Haissem Hassan,Real Oviedo,ovi,Egypt,,2002-02-07,175,,FW,6,comun,false,https://assets.virtuafc.com/players/942836.webp,,,,2,2,2,2,,,,2,,
federico-vinas-ovi-2526,VIÑAS,Federico Viñas,Real Oviedo,ovi,Uruguay,,1998-06-29,182,,FW,6,comun,false,https://assets.virtuafc.com/players/976104.webp,,,2,2,,2,,,,2,2,,
thiago-borbas-ovi-2526,BORBAS,Thiago Borbas,Real Oviedo,ovi,Uruguay,,2002-04-06,186,,FW,6,comun,false,https://assets.virtuafc.com/players/1018547.webp,,,2,2,,2,,,,2,2,,
alex-fores-ovi-2526,FORÉS,Álex Forés,Real Oviedo,ovi,Spain,,2001-04-11,179,,FW,5,comun,false,https://assets.virtuafc.com/players/1086128.webp,,,2,2,,1,,,,1,2,,
mathew-ryan-lev-2526,RYAN,Mathew Ryan,Levante UD,lev,Australia,,1992-04-07,184,,GK,7,comun,false,https://assets.virtuafc.com/players/134029.webp,,,,,,,,,,,,3,2
pablo-campos-lev-2526,CAMPOS,Pablo Campos,Levante UD,lev,Spain,,2002-04-27,188,,GK,6,comun,false,,,,,,,,,,,,,2,2
matias-moreno-lev-2526,MORENO,Matías Moreno,Levante UD,lev,Argentina,,2003-09-23,193,,DF,6,comun,true,https://assets.virtuafc.com/players/1496360.webp,2,2,2,,,,,2,2,,,,
alan-matturro-lev-2526,MATTURRO,Alan Matturro,Levante UD,lev,Uruguay,,2004-10-10,189,,DF,6,comun,false,https://assets.virtuafc.com/players/1177401.webp,2,2,2,,,,,2,2,,,,
adrian-dela-lev-2526,DELA,Adrián Dela,Levante UD,lev,Spain,,1999-02-25,179,,DF,6,comun,false,,2,2,2,,,,,2,2,,,,
unai-elgezabal-lev-2526,ELGEZABAL,Unai Elgezabal,Levante UD,lev,Spain,,1993-04-24,185,,DF,5,comun,false,https://assets.virtuafc.com/players/813574.webp,2,2,2,,,,,1,2,,,,
manu-sanchez-lev-2526,SÁNCHEZ,Manu Sánchez,Levante UD,lev,Spain,,2000-08-23,171,,DF,6,comun,false,https://assets.virtuafc.com/players/984789.webp,2,2,,,2,2,2,,,,,,
diego-pampin-lev-2526,PAMPÍN,Diego Pampín,Levante UD,lev,Spain,,2000-03-14,175,,DF,5,comun,false,https://assets.virtuafc.com/players/855837.webp,2,2,,,1,2,2,,,,,,
jeremy-toljan-lev-2526,TOLJAN,Jeremy Toljan,Levante UD,lev,Germany,,1994-08-07,182,,DF,6,comun,false,https://assets.virtuafc.com/players/149606.webp,2,2,,,2,2,2,,,,,,
victor-garcia-lev-2526,GARCÍA,Víctor García,Levante UD,lev,Spain,,1997-09-15,180,,DF,5,comun,false,https://assets.virtuafc.com/players/952222.webp,2,2,,,1,2,2,,,,,,
ugo-raghouber-lev-2526,RAGHOUBER,Ugo Raghouber,Levante UD,lev,France,,2003-07-12,188,,MF,6,comun,false,https://assets.virtuafc.com/players/1170694.webp,2,2,,,2,,2,2,,,,,
oriol-rey-lev-2526,REY,Oriol Rey,Levante UD,lev,Spain,,1998-02-24,177,,MF,5,comun,false,https://assets.virtuafc.com/players/859769.webp,2,2,,,1,,2,2,,,,,
kervin-arriaga-lev-2526,ARRIAGA,Kervin Arriaga,Levante UD,lev,Honduras,,1998-01-04,191,,MF,5,comun,false,https://assets.virtuafc.com/players/1083832.webp,2,2,,,1,,2,2,,,,,
pablo-martinez-lev-2526,MARTÍNEZ,Pablo Martínez,Levante UD,lev,Spain,,1998-02-21,182,,MF,5,comun,false,https://assets.virtuafc.com/players/927066.webp,,2,,,2,,2,2,,1,,,
jon-ander-olasagasti-lev-2526,OLASAGASTI,Jon Ander Olasagasti,Levante UD,lev,Spain,,2000-08-15,176,,MF,5,comun,false,https://assets.virtuafc.com/players/1010383.webp,,2,,,2,,2,2,,1,,,
unai-vencedor-lev-2526,VENCEDOR,Unai Vencedor,Levante UD,lev,Spain,,2000-11-14,176,,MF,5,comun,false,https://assets.virtuafc.com/players/966802.webp,,2,,,2,,2,2,,1,,,
carlos-alvarez-lev-2526,ÁLVAREZ,Carlos Álvarez,Levante UD,lev,Spain,,2003-08-05,168,,MF,7,frecuente,false,https://assets.virtuafc.com/players/1010656.webp,,,,2,2,,3,2,,2,,,
roger-brugue-lev-2526,BRUGUÉ,Roger Brugué,Levante UD,lev,Spain,,1996-11-03,174,,FW,5,comun,false,https://assets.virtuafc.com/players/909554.webp,,,,2,2,2,2,,,,1,,
paco-cortes-lev-2526,CORTÉS,Paco Cortés,Levante UD,lev,Spain,,2007-08-10,178,,FW,5,comun,false,,,,,2,2,2,2,,,,1,,
kareem-tunde-lev-2526,TUNDE,Kareem Tunde,Levante UD,lev,Spain,,2005-08-18,177,,FW,5,comun,false,,,,,2,2,2,2,,,,1,,
tay-abed-lev-2526,ABED,Tay Abed,Levante UD,lev,Israel,,2004-08-02,178,,FW,5,comun,false,https://assets.virtuafc.com/players/1160250.webp,,,,2,2,2,1,,,,1,,
iker-losada-lev-2526,LOSADA,Iker Losada,Levante UD,lev,Spain,,2001-07-31,175,,FW,5,comun,false,https://assets.virtuafc.com/players/992331.webp,,,,2,2,,1,,,2,2,,
karl-etta-eyong-lev-2526,EYONG,Karl Etta Eyong,Levante UD,lev,Cameroon,,2003-10-13,181,,FW,7,frecuente,true,https://assets.virtuafc.com/players/1393673.webp,,,2,2,,2,,,,2,3,,
ivan-romero-lev-2526,ROMERO,Iván Romero,Levante UD,lev,Spain,,2001-04-09,173,,FW,7,comun,false,https://assets.virtuafc.com/players/1014042.webp,,,2,2,,2,,,,2,2,,
carlos-espi-lev-2526,ESPÍ,Carlos Espí,Levante UD,lev,Spain,,2005-07-23,194,,FW,5,comun,false,https://assets.virtuafc.com/players/1649918.webp,,,2,2,,1,,,,2,2,,
jose-luis-morales-lev-2526,MORALES,José Luis Morales,Levante UD,lev,Spain,,1987-07-22,180,,FW,5,comun,false,https://assets.virtuafc.com/players/344129.webp,,,2,2,,1,,,,2,2,,
leo-roman-mll-2526,ROMÁN,Leo Román,RCD Mallorca,mll,Spain,,2000-07-05,189,,GK,7,frecuente,false,https://assets.virtuafc.com/players/1131909.webp,,,,,,,,,,,,3,2
lucas-bergstrom-mll-2526,BERGSTRÖM,Lucas Bergström,RCD Mallorca,mll,Finland,,2002-09-04,205,,GK,6,comun,false,https://assets.virtuafc.com/players/996903.webp,,,,,,,,,,,,2,2
ivan-cuellar-mll-2526,CUÉLLAR,Iván Cuéllar,RCD Mallorca,mll,Spain,,1984-05-26,187,,GK,5,comun,false,https://assets.virtuafc.com/players/19013.webp,,,,,,,,,,,,2,2
martin-valjent-mll-2526,VALJENT,Martin Valjent,RCD Mallorca,mll,Slovakia,,1995-12-10,187,,DF,6,comun,false,https://assets.virtuafc.com/players/300522.webp,2,2,2,,,,,2,2,,,,
marash-kumbulla-mll-2526,KUMBULLA,Marash Kumbulla,RCD Mallorca,mll,Albania,,2000-02-07,191,,DF,6,comun,false,https://assets.virtuafc.com/players/893642.webp,2,2,2,,,,,2,2,,,,
antonio-raillo-mll-2526,RAÍLLO,Antonio Raíllo,RCD Mallorca,mll,Spain,,1991-10-07,187,,DF,6,comun,false,https://assets.virtuafc.com/players/807116.webp,2,2,2,,,,,2,2,,,,
david-lopez-mll-2526,LÓPEZ,David López,RCD Mallorca,mll,Spain,,2003-02-02,195,,DF,5,comun,false,,2,2,2,,,,,1,2,,,,
johan-mojica-mll-2526,MOJICA,Johan Mojica,RCD Mallorca,mll,Colombia,,1992-08-20,185,,DF,6,comun,false,https://assets.virtuafc.com/players/344847.webp,2,2,,,2,2,2,,,,,,
toni-lato-mll-2526,LATO,Toni Lato,RCD Mallorca,mll,Spain,,1997-11-20,171,,DF,5,comun,false,https://assets.virtuafc.com/players/828239.webp,2,2,,,1,2,2,,,,,,
pablo-maffeo-mll-2526,MAFFEO,Pablo Maffeo,RCD Mallorca,mll,Argentina,,1997-07-11,172,,DF,6,comun,false,https://assets.virtuafc.com/players/788216.webp,2,2,,,2,2,2,,,,,,
mateu-morey-mll-2526,MOREY,Mateu Morey,RCD Mallorca,mll,Spain,,2000-03-01,173,,DF,5,comun,false,https://assets.virtuafc.com/players/879543.webp,2,2,,,1,2,2,,,,,,
samu-costa-mll-2526,COSTA,Samú Costa,RCD Mallorca,mll,Portugal,,2000-11-26,185,,MF,7,frecuente,false,https://assets.virtuafc.com/players/988351.webp,3,2,,,2,,2,2,,,,,
omar-mascarell-mll-2526,MASCARELL,Omar Mascarell,RCD Mallorca,mll,Equatorial Guinea,,1993-02-01,181,,MF,5,comun,true,https://assets.virtuafc.com/players/255999.webp,2,2,,,1,,2,2,,,,,
sergi-darder-mll-2526,DARDER,Sergi Darder,RCD Mallorca,mll,Spain,,1993-12-21,180,,MF,6,comun,false,https://assets.virtuafc.com/players/110783.webp,,2,,,2,,2,2,,2,,,
antonio-sanchez-mll-2526,SÁNCHEZ,Antonio Sánchez,RCD Mallorca,mll,Spain,,1997-04-21,179,,MF,6,comun,false,https://assets.virtuafc.com/players/949722.webp,,2,,,2,,2,2,,2,,,
manu-morlanes-mll-2526,MORLANES,Manu Morlanes,RCD Mallorca,mll,Spain,,1999-01-11,178,,MF,5,comun,false,https://assets.virtuafc.com/players/826004.webp,,2,,,2,,2,2,,1,,,
jan-salas-mll-2526,SALAS,Jan Salas,RCD Mallorca,mll,Spain,,2005-08-09,182,,MF,4,comun,true,https://assets.virtuafc.com/players/1905699.webp,,1,,,2,,2,2,,1,,,
pablo-torre-mll-2526,TORRE,Pablo Torre,RCD Mallorca,mll,Spain,,2003-04-02,173,,MF,6,comun,true,https://assets.virtuafc.com/players/1082981.webp,,,,2,2,,2,2,,2,,,
jan-virgili-mll-2526,VIRGILI,Jan Virgili,RCD Mallorca,mll,Spain,,2006-07-25,177,,FW,7,frecuente,false,https://assets.virtuafc.com/players/1939173.webp,,,,2,2,3,2,,,,2,,
javi-llabres-mll-2526,LLABRÉS,Javi Llabrés,RCD Mallorca,mll,Spain,,2002-09-10,174,,FW,5,comun,false,https://assets.virtuafc.com/players/1162309.webp,,,,2,2,2,1,,,,1,,
zito-luvumbo-mll-2526,LUVUMBO,Zito Luvumbo,RCD Mallorca,mll,Angola,,2002-03-08,171,,FW,6,comun,false,https://assets.virtuafc.com/players/1000150.webp,,,,2,2,2,2,,,,2,,
takuma-asano-mll-2526,ASANO,Takuma Asano,RCD Mallorca,mll,Japan,,1994-11-09,173,,FW,6,comun,false,https://assets.virtuafc.com/players/309546.webp,,,,2,2,2,2,,,,2,,
justin-kalumba-mll-2526,KALUMBA,Justin Kalumba,RCD Mallorca,mll,France,,2004-12-24,171,,FW,5,comun,false,https://assets.virtuafc.com/players/1484974.webp,,,,2,2,2,1,,,,1,,
vedat-muriqi-mll-2526,MURIQI,Vedat Muriqi,RCD Mallorca,mll,Kosovo,,1994-04-23,194,,FW,7,comun,false,https://assets.virtuafc.com/players/310874.webp,,,2,2,,2,,,,2,2,,
mateo-joseph-mll-2526,JOSEPH,Mateo Joseph,RCD Mallorca,mll,Spain,,2003-10-18,185,,FW,6,comun,false,https://assets.virtuafc.com/players/1170693.webp,,,2,2,,2,,,,2,2,,
abdon-prats-mll-2526,PRATS,Abdón Prats,RCD Mallorca,mll,Spain,,1992-12-06,181,,FW,5,comun,false,,,,2,2,,1,,,,2,2,,
ionut-radu-cel-2526,RADU,Ionuț Radu,RC Celta,cel,Romania,,1997-05-27,188,,GK,7,frecuente,false,https://assets.virtuafc.com/players/815202.webp,,,,,,,,,,,,3,2
ivan-villar-cel-2526,VILLAR,Iván Villar,RC Celta,cel,Spain,,1997-07-08,183,,GK,5,comun,false,https://assets.virtuafc.com/players/848980.webp,,,,,,,,,,,,2,2
marc-vidal-cel-2526,VIDAL,Marc Vidal,RC Celta,cel,Spain,,2000-02-13,185,,GK,4,comun,false,https://assets.virtuafc.com/players/905443.webp,,,,,,,,,,,,2,1
javi-rodriguez-cel-2526,RODRÍGUEZ,Javi Rodríguez,RC Celta,cel,Spain,,2003-06-26,178,,DF,7,frecuente,false,https://assets.virtuafc.com/players/1526627.webp,3,2,2,,,,,2,2,,,,
carl-starfelt-cel-2526,STARFELT,Carl Starfelt,RC Celta,cel,Sweden,,1995-05-31,187,,DF,7,comun,false,https://assets.virtuafc.com/players/360718.webp,2,2,2,,,,,2,2,,,,
carlos-dominguez-cel-2526,DOMÍNGUEZ,Carlos Domínguez,RC Celta,cel,Spain,,2001-02-10,187,,DF,6,comun,false,https://assets.virtuafc.com/players/1069703.webp,2,2,2,,,,,2,2,,,,
yoel-lago-cel-2526,LAGO,Yoel Lago,RC Celta,cel,Spain,,2004-03-24,185,,DF,5,comun,false,https://assets.virtuafc.com/players/1145100.webp,2,2,2,,,,,1,2,,,,
manu-fernandez-cel-2526,FERNÁNDEZ,Manu Fernández,RC Celta,cel,Spain,,2001-04-22,185,,DF,5,comun,false,https://assets.virtuafc.com/players/1630975.webp,2,2,2,,,,,1,2,,,,
marcos-alonso-cel-2526,ALONSO,Marcos Alonso,RC Celta,cel,Spain,,1990-12-27,188,,DF,6,comun,false,,2,2,2,,,,,2,2,,,,
joseph-aidoo-cel-2526,AIDOO,Joseph Aidoo,RC Celta,cel,Ghana,,1995-09-28,181,,DF,5,comun,false,https://assets.virtuafc.com/players/796320.webp,2,2,2,,,,,1,2,,,,
mihailo-ristic-cel-2526,RISTIC,Mihailo Ristic,RC Celta,cel,Serbia,,1995-10-30,180,,DF,5,comun,false,https://assets.virtuafc.com/players/363774.webp,2,2,,,1,2,2,,,,,,
oscar-mingueza-cel-2526,MINGUEZA,Óscar Mingueza,RC Celta,cel,Spain,,1999-05-12,184,,DF,7,frecuente,false,https://assets.virtuafc.com/players/859773.webp,3,2,,,2,2,2,,,,,,
sergio-carreira-cel-2526,CARREIRA,Sergio Carreira,RC Celta,cel,Spain,,2000-10-12,170,,DF,7,comun,false,https://assets.virtuafc.com/players/1002764.webp,2,2,,,2,2,2,,,,,,
alvaro-nunez-cel-2526,NÚÑEZ,Álvaro Núñez,RC Celta,cel,Spain,,2000-07-06,177,,DF,6,comun,false,https://assets.virtuafc.com/players/1012410.webp,2,2,,,2,2,2,,,,,,
javi-rueda-cel-2526,RUEDA,Javi Rueda,RC Celta,cel,Spain,,2002-05-07,177,,DF,6,comun,false,https://assets.virtuafc.com/players/1008259.webp,2,2,,,2,2,2,,,,,,
miguel-roman-cel-2526,ROMÁN,Miguel Román,RC Celta,cel,Spain,,2002-12-25,178,,MF,7,frecuente,false,https://assets.virtuafc.com/players/1398526.webp,,2,,,2,,3,2,,2,,,
ilaix-moriba-cel-2526,MORIBA,Ilaix Moriba,RC Celta,cel,Guinea,,2003-01-18,185,,MF,7,comun,false,https://assets.virtuafc.com/players/962890.webp,,2,,,2,,3,2,,2,,,
hugo-sotelo-cel-2526,SOTELO,Hugo Sotelo,RC Celta,cel,Spain,,2003-12-18,180,,MF,7,comun,false,https://assets.virtuafc.com/players/1120669.webp,,2,,,2,,2,2,,2,,,
matias-vecino-cel-2526,VECINO,Matías Vecino,RC Celta,cel,Uruguay,,1991-08-23,187,,MF,6,comun,false,https://assets.virtuafc.com/players/158615.webp,,2,,,2,,2,2,,2,,,
fer-lopez-cel-2526,LÓPEZ,Fer López,RC Celta,cel,Spain,,2004-05-23,188,,MF,7,frecuente,false,https://assets.virtuafc.com/players/1526628.webp,,,,2,2,,3,2,,2,,,
williot-swedberg-cel-2526,SWEDBERG,Williot Swedberg,RC Celta,cel,Sweden,,2004-01-31,187,,FW,7,frecuente,true,https://assets.virtuafc.com/players/1126779.webp,,,,2,2,3,2,,,,2,,
hugo-alvarez-cel-2526,ÁLVAREZ,Hugo Álvarez,RC Celta,cel,Spain,,2003-07-01,176,,FW,7,comun,false,https://assets.virtuafc.com/players/1154935.webp,,,,2,2,2,2,,,,2,,
franco-cervi-cel-2526,CERVI,Franco Cervi,RC Celta,cel,Argentina,,1994-05-25,166,,FW,5,comun,false,https://assets.virtuafc.com/players/557008.webp,,,,2,2,2,2,,,,1,,
jones-el-abdellaoui-cel-2526,EL-ABDELLAOUI,Jones El-Abdellaoui,RC Celta,cel,Morocco,,2006-01-11,184,,FW,7,comun,false,https://assets.virtuafc.com/players/1173575.webp,,,,2,2,2,2,,,,2,,
ferran-jutgla-cel-2526,JUTGLÀ,Ferran Jutglà,RC Celta,cel,Spain,,1999-01-31,175,,FW,6,comun,false,https://assets.virtuafc.com/players/949962.webp,,,2,2,,2,,,,2,2,,
pablo-duran-cel-2526,DURÁN,Pablo Durán,RC Celta,cel,Spain,,2001-05-24,176,,FW,6,comun,true,https://assets.virtuafc.com/players/1398524.webp,,,2,2,,2,,,,2,2,,
borja-iglesias-cel-2526,IGLESIAS,Borja Iglesias,RC Celta,cel,Spain,,1993-01-16,187,,FW,6,comun,false,https://assets.virtuafc.com/players/785989.webp,,,2,2,,2,,,,2,2,,
iago-aspas-cel-2526,ASPAS,Iago Aspas,RC Celta,cel,Spain,,1987-07-31,176,,FW,7,comun,true,https://assets.virtuafc.com/players/19356.webp,,,2,2,,2,,,,2,3,,
sergio-herrera-osa-2526,HERRERA,Sergio Herrera,CA Osasuna,osa,Spain,,1993-06-04,192,,GK,7,frecuente,false,,,,,,,,,,,,,3,2
aitor-fernandez-osa-2526,FERNÁNDEZ,Aitor Fernández,CA Osasuna,osa,Spain,,1991-05-02,182,,GK,6,comun,false,https://assets.virtuafc.com/players/99516.webp,,,,,,,,,,,,2,2
enzo-boyomo-osa-2526,BOYOMO,Enzo Boyomo,CA Osasuna,osa,Cameroon,,2001-10-06,184,,DF,7,frecuente,false,https://assets.virtuafc.com/players/1067582.webp,3,2,2,,,,,2,2,,,,
jorge-herrando-osa-2526,HERRANDO,Jorge Herrando,CA Osasuna,osa,Spain,,2001-02-27,192,,DF,6,comun,false,https://assets.virtuafc.com/players/944225.webp,2,2,2,,,,,2,2,,,,
alejandro-catena-osa-2526,CATENA,Alejandro Catena,CA Osasuna,osa,Spain,,1994-10-27,194,,DF,6,comun,false,https://assets.virtuafc.com/players/900792.webp,2,2,2,,,,,2,2,,,,
abel-bretones-osa-2526,BRETONES,Abel Bretones,CA Osasuna,osa,Spain,,2000-08-20,188,,DF,6,comun,false,https://assets.virtuafc.com/players/1010165.webp,2,2,,,2,2,2,,,,,,
javi-galan-osa-2526,GALÁN,Javi Galán,CA Osasuna,osa,Spain,,1994-11-18,172,,DF,6,comun,true,https://assets.virtuafc.com/players/825133.webp,2,2,,,2,2,2,,,,,,
juan-cruz-osa-2526,CRUZ,Juan Cruz,CA Osasuna,osa,Spain,,1992-07-27,182,,DF,6,comun,true,https://assets.virtuafc.com/players/897902.webp,2,2,,,2,2,2,,,,,,
valentin-rosier-osa-2526,ROSIER,Valentin Rosier,CA Osasuna,osa,France,,1996-08-18,175,,DF,6,comun,false,https://assets.virtuafc.com/players/842419.webp,2,2,,,2,2,2,,,,,,
inigo-arguibide-osa-2526,ARGUIBIDE,Iñigo Arguibide,CA Osasuna,osa,Spain,,2005-04-18,178,,DF,5,comun,false,,2,2,,,1,2,1,,,,,,
lucas-torro-osa-2526,TORRÓ,Lucas Torró,CA Osasuna,osa,Spain,,1994-07-18,190,,MF,6,comun,false,https://assets.virtuafc.com/players/187313.webp,2,2,,,2,,2,2,,,,,
iker-munoz-osa-2526,MUÑOZ,Iker Muñoz,CA Osasuna,osa,Spain,,2002-09-04,180,,MF,5,comun,false,https://assets.virtuafc.com/players/1119586.webp,2,2,,,1,,2,2,,,,,
jon-moncayola-osa-2526,MONCAYOLA,Jon Moncayola,CA Osasuna,osa,Spain,,1998-05-12,182,,MF,6,comun,false,,,2,,,2,,2,2,,2,,,
asier-osambela-osa-2526,OSAMBELA,Asier Osambela,CA Osasuna,osa,Spain,,2004-10-29,186,,MF,5,comun,false,,,2,,,2,,2,2,,1,,,
aimar-oroz-osa-2526,OROZ,Aimar Oroz,CA Osasuna,osa,Spain,,2001-11-26,177,,MF,7,comun,false,https://assets.virtuafc.com/players/985329.webp,,,,2,2,,2,2,,2,,,
moi-gomez-osa-2526,GÓMEZ,Moi Gómez,CA Osasuna,osa,Spain,,1994-06-22,176,,MF,6,comun,false,https://assets.virtuafc.com/players/149370.webp,,,,2,2,,2,2,,2,,,
victor-munoz-osa-2526,MUÑOZ,Víctor Muñoz,CA Osasuna,osa,Spain,,2003-07-12,173,,FW,7,frecuente,false,https://assets.virtuafc.com/players/1145642.webp,,,,2,2,3,2,,,,2,,
raul-moro-osa-2526,MORO,Raúl Moro,CA Osasuna,osa,Spain,,2002-12-04,169,,FW,6,comun,false,https://assets.virtuafc.com/players/980383.webp,,,,2,2,2,2,,,,2,,
ruben-garcia-osa-2526,GARCÍA,Rubén García,CA Osasuna,osa,Spain,,1993-07-13,172,,FW,6,comun,false,https://assets.virtuafc.com/players/260031.webp,,,,2,2,2,2,,,,2,,
iker-benito-osa-2526,BENITO,Iker Benito,CA Osasuna,osa,Spain,,2002-08-09,176,,FW,5,comun,false,https://assets.virtuafc.com/players/1086346.webp,,,,2,2,2,2,,,,1,,
kike-barja-osa-2526,BARJA,Kike Barja,CA Osasuna,osa,Spain,,1997-03-31,179,,FW,5,comun,false,https://assets.virtuafc.com/players/591132.webp,,,,2,2,2,2,,,,1,,
raul-garcia-osa-2526,GARCÍA,Raúl García,CA Osasuna,osa,Spain,,2000-11-02,192,,FW,6,comun,false,https://assets.virtuafc.com/players/997280.webp,,,2,2,,2,,,,2,2,,
ante-budimir-osa-2526,BUDIMIR,Ante Budimir,CA Osasuna,osa,Croatia,,1991-07-21,190,,FW,7,comun,false,https://assets.virtuafc.com/players/37318.webp,,,2,2,,2,,,,2,2,,
luiz-junior-vil-2526,JÚNIOR,Luiz Júnior,Villarreal CF,vil,Brazil,,2001-01-13,192,,GK,8,frecuente,false,https://assets.virtuafc.com/players/1066603.webp,,,,,,,,,,,,3,2
diego-conde-vil-2526,CONDE,Diego Conde,Villarreal CF,vil,Spain,,1998-10-27,188,,GK,7,comun,false,https://assets.virtuafc.com/players/951008.webp,,,,,,,,,,,,2,2
arnau-tenas-vil-2526,TENAS,Arnau Tenas,Villarreal CF,vil,Spain,,2001-05-29,185,,GK,7,comun,false,https://assets.virtuafc.com/players/908714.webp,,,,,,,,,,,,2,2
renato-veiga-vil-2526,VEIGA,Renato Veiga,Villarreal CF,vil,Portugal,,2003-07-28,190,,DF,8,frecuente,false,https://assets.virtuafc.com/players/1087359.webp,3,3,2,,,,,2,2,,,,
logan-costa-vil-2526,COSTA,Logan Costa,Villarreal CF,vil,Cape Verde,,2001-03-31,190,,DF,7,frecuente,false,,3,2,2,,,,,2,2,,,,
rafa-marin-vil-2526,MARÍN,Rafa Marín,Villarreal CF,vil,Spain,,2002-05-18,191,,DF,7,frecuente,false,https://assets.virtuafc.com/players/984623.webp,3,2,2,,,,,2,2,,,,
juan-foyth-vil-2526,FOYTH,Juan Foyth,Villarreal CF,vil,Argentina,,1998-01-11,187,,DF,7,comun,false,https://assets.virtuafc.com/players/873189.webp,3,2,2,,,,,2,2,,,,
willy-kambwala-vil-2526,KAMBWALA,Willy Kambwala,Villarreal CF,vil,France,,2004-08-24,192,,DF,6,comun,false,https://assets.virtuafc.com/players/1136721.webp,2,2,2,,,,,2,2,,,,
sergi-cardona-vil-2526,CARDONA,Sergi Cardona,Villarreal CF,vil,Spain,,1999-07-07,186,,DF,7,comun,false,https://assets.virtuafc.com/players/986245.webp,2,2,,,2,2,2,,,,,,
alfonso-pedraza-vil-2526,PEDRAZA,Alfonso Pedraza,Villarreal CF,vil,Spain,,1996-04-08,184,,DF,6,comun,true,https://assets.virtuafc.com/players/797290.webp,2,2,,,2,2,2,,,,,,
pau-navarro-vil-2526,NAVARRO,Pau Navarro,Villarreal CF,vil,Spain,,2005-04-24,185,,DF,7,comun,false,https://assets.virtuafc.com/players/1525863.webp,3,2,,,2,2,2,,,,,,
santiago-mourino-vil-2526,MOURIÑO,Santiago Mouriño,Villarreal CF,vil,Uruguay,,2002-02-12,186,,DF,7,comun,false,https://assets.virtuafc.com/players/1468046.webp,3,2,,,2,2,2,,,,,,
alex-freeman-vil-2526,FREEMAN,Alex Freeman,Villarreal CF,vil,United States,,2004-08-08,188,,DF,6,comun,false,https://assets.virtuafc.com/players/1184541.webp,2,2,,,2,2,2,,,,,,
thomas-partey-vil-2526,PARTEY,Thomas Partey,Villarreal CF,vil,Ghana,,1993-06-12,185,,MF,6,comun,true,https://assets.virtuafc.com/players/316148.webp,2,2,,,2,,2,2,,,,,
pape-gueye-vil-2526,GUEYE,Pape Gueye,Villarreal CF,vil,Senegal,,1999-01-23,189,,MF,8,frecuente,false,https://assets.virtuafc.com/players/879694.webp,,2,,,2,,3,3,,2,,,
santi-comesana-vil-2526,COMESAÑA,Santi Comesaña,Villarreal CF,vil,Spain,,1996-10-04,188,,MF,7,comun,false,https://assets.virtuafc.com/players/843678.webp,,2,,,2,,3,2,,2,,,
carlos-macia-vil-2526,MACIÀ,Carlos Macià,Villarreal CF,vil,Spain,,2008-08-31,190,,MF,6,comun,false,https://assets.virtuafc.com/players/2238900.webp,,2,,,2,,2,2,,2,,,
dani-parejo-vil-2526,PAREJO,Dani Parejo,Villarreal CF,vil,Spain,,1989-04-15,182,,MF,6,comun,false,https://assets.virtuafc.com/players/39182.webp,,2,,,2,,2,2,,2,,,
alberto-moleiro-vil-2526,MOLEIRO,Alberto Moleiro,Villarreal CF,vil,Spain,,2003-09-29,171,,FW,8,frecuente,false,https://assets.virtuafc.com/players/1012444.webp,,,,2,3,3,2,,,,2,,
alfon-gonzalez-vil-2526,GONZÁLEZ,Alfon González,Villarreal CF,vil,Spain,,1999-05-03,172,,FW,6,comun,false,https://assets.virtuafc.com/players/1468090.webp,,,,2,2,2,2,,,,2,,
hugo-lopez-vil-2526,LÓPEZ,Hugo López,Villarreal CF,vil,Spain,,2007-03-03,,,FW,5,comun,false,,,,,2,2,2,2,,,,1,,
tajon-buchanan-vil-2526,BUCHANAN,Tajon Buchanan,Villarreal CF,vil,Canada,,1999-02-07,183,,FW,7,frecuente,false,https://assets.virtuafc.com/players/973290.webp,,,,2,2,3,2,,,,2,,
nicolas-pepe-vil-2526,PÉPÉ,Nicolas Pépé,Villarreal CF,vil,Cote d'Ivoire,,1995-05-28,183,,FW,7,comun,false,https://assets.virtuafc.com/players/593526.webp,,,,2,2,3,2,,,,2,,
georges-mikautadze-vil-2526,MIKAUTADZE,Georges Mikautadze,Villarreal CF,vil,Georgia,,2000-10-30,176,,FW,8,frecuente,false,https://assets.virtuafc.com/players/1009372.webp,,,2,3,,2,,,,2,3,,
tani-oluwaseyi-vil-2526,OLUWASEYI,Tani Oluwaseyi,Villarreal CF,vil,Canada,,2000-05-14,187,,FW,7,comun,false,https://assets.virtuafc.com/players/1172477.webp,,,2,2,,2,,,,2,2,,
ayoze-perez-vil-2526,PÉREZ,Ayoze Pérez,Villarreal CF,vil,Spain,,1993-07-28,178,,FW,7,frecuente,false,,,,2,2,,2,,,,2,3,,
gerard-moreno-vil-2526,MORENO,Gerard Moreno,Villarreal CF,vil,Spain,,1992-04-06,180,,FW,6,comun,false,https://assets.virtuafc.com/players/146866.webp,,,2,2,,2,,,,2,2,,
pau-cabanes-vil-2526,CABANES,Pau Cabanes,Villarreal CF,vil,Spain,,2005-02-16,179,,FW,5,comun,true,https://assets.virtuafc.com/players/1863206.webp,,,2,2,,1,,,,1,2,,
antonio-sivera-ala-2526,SIVERA,Antonio Sivera,Deportivo Alavés,ala,Spain,,1996-08-10,185,,GK,7,frecuente,false,https://assets.virtuafc.com/players/369004.webp,,,,,,,,,,,,3,2
raul-fernandez-ala-2526,FERNÁNDEZ,Raúl Fernández,Deportivo Alavés,ala,Spain,,1988-03-12,195,,GK,5,comun,true,https://assets.virtuafc.com/players/31828.webp,,,,,,,,,,,,2,2
jon-pacheco-ala-2526,PACHECO,Jon Pacheco,Deportivo Alavés,ala,Spain,,2001-01-07,184,,DF,6,comun,false,https://assets.virtuafc.com/players/934383.webp,2,2,2,,,,,2,2,,,,
ville-koski-ala-2526,KOSKI,Ville Koski,Deportivo Alavés,ala,Finland,,2002-01-26,185,,DF,5,comun,false,https://assets.virtuafc.com/players/999178.webp,2,2,2,,,,,1,2,,,,
facundo-garces-ala-2526,GARCÉS,Facundo Garcés,Deportivo Alavés,ala,Malaysia,,1999-09-04,191,,DF,4,comun,true,https://assets.virtuafc.com/players/879875.webp,2,2,1,,,,,1,1,,,,
youssef-enriquez-ala-2526,ENRÍQUEZ,Youssef Enríquez,Deportivo Alavés,ala,Morocco,,2005-10-06,170,,DF,6,comun,false,https://assets.virtuafc.com/players/1403364.webp,2,2,,,2,2,2,,,,,,
victor-parada-ala-2526,PARADA,Victor Parada,Deportivo Alavés,ala,Spain,,2002-04-03,185,,DF,5,comun,false,https://assets.virtuafc.com/players/985726.webp,2,2,,,1,2,2,,,,,,
nahuel-tenaglia-ala-2526,TENAGLIA,Nahuel Tenaglia,Deportivo Alavés,ala,Argentina,,1996-02-20,181,,DF,6,comun,false,https://assets.virtuafc.com/players/896073.webp,2,2,,,2,2,2,,,,,,
jonny-otto-ala-2526,OTTO,Jonny Otto,Deportivo Alavés,ala,Spain,,1994-03-02,175,,DF,6,comun,false,https://assets.virtuafc.com/players/235648.webp,2,2,,,2,2,2,,,,,,
antonio-blanco-ala-2526,BLANCO,Antonio Blanco,Deportivo Alavés,ala,Spain,,2000-07-22,176,,MF,7,comun,false,https://assets.virtuafc.com/players/855832.webp,3,2,,,2,,2,2,,,,,
carlos-protesoni-ala-2526,PROTESONI,Carlos Protesoni,Deportivo Alavés,ala,Uruguay,,1998-03-29,185,,MF,5,comun,false,,2,2,,,1,,2,2,,,,,
pablo-ibanez-ala-2526,IBÁÑEZ,Pablo Ibáñez,Deportivo Alavés,ala,Spain,,1998-09-19,179,,MF,6,comun,false,https://assets.virtuafc.com/players/1084381.webp,,2,,,2,,2,2,,2,,,
carles-alena-ala-2526,ALEÑÁ,Carles Aleñá,Deportivo Alavés,ala,Spain,,1998-01-04,180,,MF,6,comun,false,https://assets.virtuafc.com/players/794937.webp,,2,,,2,,2,2,,2,,,
ander-guevara-ala-2526,GUEVARA,Ander Guevara,Deportivo Alavés,ala,Spain,,1997-07-06,180,,MF,6,comun,true,https://assets.virtuafc.com/players/891931.webp,,2,,,2,,2,2,,2,,,
jon-guridi-ala-2526,GURIDI,Jon Guridi,Deportivo Alavés,ala,Spain,,1995-02-27,179,,MF,6,comun,false,https://assets.virtuafc.com/players/788141.webp,,2,,,2,,2,2,,2,,,
calebe-ala-2526,CALEBE,Calebe,Deportivo Alavés,ala,Brazil,,2000-04-29,173,,MF,5,comun,false,https://assets.virtuafc.com/players/1046796.webp,,,,1,2,,2,2,,2,,,
denis-suarez-ala-2526,SUÁREZ,Denis Suárez,Deportivo Alavés,ala,Spain,,1994-01-05,176,,MF,5,comun,false,https://assets.virtuafc.com/players/138383.webp,,,,1,2,,2,2,,2,,,
abde-rebbach-ala-2526,REBBACH,Abde Rebbach,Deportivo Alavés,ala,Algeria,,1998-08-10,176,,FW,5,comun,false,https://assets.virtuafc.com/players/1082968.webp,,,,2,2,2,2,,,,1,,
angel-perez-ala-2526,PÉREZ,Ángel Pérez,Deportivo Alavés,ala,Spain,,2002-06-07,183,,FW,5,comun,false,,,,,2,2,2,2,,,,1,,
lucas-boye-ala-2526,BOYÉ,Lucas Boyé,Deportivo Alavés,ala,Argentina,,1996-02-27,183,,FW,6,comun,false,https://assets.virtuafc.com/players/814385.webp,,,2,2,,2,,,,2,2,,
toni-martinez-ala-2526,MARTÍNEZ,Toni Martínez,Deportivo Alavés,ala,Spain,,1997-06-29,187,,FW,6,comun,false,https://assets.virtuafc.com/players/831253.webp,,,2,2,,2,,,,2,2,,
ibrahim-diabate-ala-2526,DIABATE,Ibrahim Diabate,Deportivo Alavés,ala,Cote d'Ivoire,,1999-11-16,185,,FW,5,comun,false,https://assets.virtuafc.com/players/1084043.webp,,,2,2,,1,,,,2,2,,
aitor-manas-ala-2526,MAÑAS,Aitor Mañas,Deportivo Alavés,ala,Spain,,2003-01-04,185,,FW,4,comun,false,,,,2,2,,1,,,,1,2,,
mariano-diaz-ala-2526,DÍAZ,Mariano Díaz,Deportivo Alavés,ala,Dominican Republic,,1993-07-31,180,,FW,5,comun,false,https://assets.virtuafc.com/players/175753.webp,,,2,2,,1,,,,1,2,,
david-soria-get-2526,SORIA,David Soria,Getafe CF,get,Spain,,1993-04-03,192,,GK,7,frecuente,false,https://assets.virtuafc.com/players/604258.webp,,,,,,,,,,,,3,2
jiri-letacek-get-2526,LETACEK,Jiri Letacek,Getafe CF,get,Czech Republic,,1999-01-08,196,,GK,6,comun,false,https://assets.virtuafc.com/players/826047.webp,,,,,,,,,,,,2,2
abdel-abqar-get-2526,ABQAR,Abdel Abqar,Getafe CF,get,Morocco,,1999-03-09,188,,DF,6,comun,true,https://assets.virtuafc.com/players/1101232.webp,2,2,2,,,,,2,2,,,,
sebastian-boselli-get-2526,BOSELLI,Sebastián Boselli,Getafe CF,get,Uruguay,,2003-12-03,183,,DF,6,comun,false,https://assets.virtuafc.com/players/1392092.webp,2,2,2,,,,,2,2,,,,
zaid-romero-get-2526,ROMERO,Zaid Romero,Getafe CF,get,Argentina,,1999-12-14,192,,DF,5,comun,false,https://assets.virtuafc.com/players/1108450.webp,2,2,2,,,,,1,2,,,,
dakonam-djene-get-2526,DJENÉ,Dakonam Djené,Getafe CF,get,Togo,,1991-12-30,178,,DF,6,comun,false,https://assets.virtuafc.com/players/307702.webp,2,2,2,,,,,2,2,,,,
domingos-duarte-get-2526,DUARTE,Domingos Duarte,Getafe CF,get,Portugal,,1995-03-09,192,,DF,5,comun,false,https://assets.virtuafc.com/players/576276.webp,2,2,2,,,,,1,2,,,,
diego-rico-get-2526,RICO,Diego Rico,Getafe CF,get,Spain,,1993-02-22,183,,DF,5,comun,false,https://assets.virtuafc.com/players/350560.webp,2,2,,,1,2,2,,,,,,
davinchi-get-2526,DAVINCHI,Davinchi,Getafe CF,get,Spain,,2007-10-15,182,,DF,5,comun,true,https://assets.virtuafc.com/players/1918369.webp,2,2,,,1,2,2,,,,,,
juan-iglesias-get-2526,IGLESIAS,Juan Iglesias,Getafe CF,get,Spain,,1998-07-02,187,,DF,6,comun,false,https://assets.virtuafc.com/players/949707.webp,2,2,,,2,2,2,,,,,,
kiko-femenia-get-2526,FEMENÍA,Kiko Femenía,Getafe CF,get,Spain,,1991-02-01,174,,DF,5,comun,false,https://assets.virtuafc.com/players/53739.webp,2,2,,,1,2,2,,,,,,
ismael-bekhoucha-get-2526,BEKHOUCHA,Ismael Bekhoucha,Getafe CF,get,Morocco,,2004-11-19,176,,DF,4,comun,false,https://assets.virtuafc.com/players/1895964.webp,2,2,,,1,1,1,,,,,,
allan-nyom-get-2526,NYOM,Allan Nyom,Getafe CF,get,Cameroon,,1988-05-09,189,,DF,5,comun,false,https://assets.virtuafc.com/players/128637.webp,2,2,,,1,2,1,,,,,,
mario-martin-get-2526,MARTÍN,Mario Martín,Getafe CF,get,Spain,,2004-03-04,177,,MF,7,comun,false,https://assets.virtuafc.com/players/1154549.webp,3,2,,,2,,2,2,,,,,
mauro-arambarri-get-2526,ARAMBARRI,Mauro Arambarri,Getafe CF,get,Uruguay,,1995-09-29,175,,MF,7,frecuente,false,https://assets.virtuafc.com/players/385888.webp,,2,,,2,,3,2,,2,,,
luis-milla-get-2526,MILLA,Luis Milla,Getafe CF,get,Spain,,1994-10-06,175,,MF,6,comun,false,https://assets.virtuafc.com/players/811629.webp,,2,,,2,,2,2,,2,,,
javi-munoz-get-2526,MUÑOZ,Javi Muñoz,Getafe CF,get,Spain,,1995-02-27,177,,MF,5,comun,false,https://assets.virtuafc.com/players/353154.webp,,2,,,2,,2,2,,1,,,
adrian-liso-get-2526,LISO,Adrián Liso,Getafe CF,get,Spain,,2005-04-01,182,,FW,6,comun,false,https://assets.virtuafc.com/players/1515554.webp,,,,2,2,2,2,,,,2,,
veljko-birmancevic-get-2526,BIRMANCEVIC,Veljko Birmancevic,Getafe CF,get,Serbia,,1998-03-04,179,,FW,6,comun,false,https://assets.virtuafc.com/players/831510.webp,,,,2,2,2,2,,,,2,,
juanmi-get-2526,JUANMI,Juanmi,Getafe CF,get,Spain,,1993-05-19,172,,FW,5,comun,false,https://assets.virtuafc.com/players/96369.webp,,,,2,2,2,2,,,,1,,
abu-kamara-get-2526,KAMARA,Abu Kamara,Getafe CF,get,England,,2003-07-20,183,,FW,6,comun,false,https://assets.virtuafc.com/players/1087476.webp,,,,2,2,2,2,,,,2,,
alex-sancris-get-2526,SANCRIS,Álex Sancris,Getafe CF,get,Spain,,1997-01-17,181,,FW,5,comun,false,https://assets.virtuafc.com/players/1398518.webp,,,,2,2,2,2,,,,1,,
borja-mayoral-get-2526,MAYORAL,Borja Mayoral,Getafe CF,get,Spain,,1997-04-04,182,,FW,7,comun,false,https://assets.virtuafc.com/players/604954.webp,,,2,2,,2,,,,2,2,,
martin-satriano-get-2526,SATRIANO,Martín Satriano,Getafe CF,get,Uruguay,,2001-02-19,187,,FW,6,comun,false,https://assets.virtuafc.com/players/973536.webp,,,2,2,,2,,,,2,2,,
luis-vazquez-get-2526,VÁZQUEZ,Luis Vázquez,Getafe CF,get,Argentina,,2001-04-23,190,,FW,5,comun,false,https://assets.virtuafc.com/players/974713.webp,,,2,2,,1,,,,2,2,,
augusto-batalla-ray-2526,BATALLA,Augusto Batalla,Rayo Vallecano,ray,Argentina,,1996-04-29,185,,GK,7,frecuente,false,https://assets.virtuafc.com/players/358910.webp,,,,,,,,,,,,3,2
dani-cardenas-ray-2526,CÁRDENAS,Dani Cárdenas,Rayo Vallecano,ray,Spain,,1997-03-27,186,,GK,6,comun,false,https://assets.virtuafc.com/players/965832.webp,,,,,,,,,,,,2,2
nobel-mendy-ray-2526,MENDY,Nobel Mendy,Rayo Vallecano,ray,Senegal,,2004-09-02,187,,DF,6,comun,false,https://assets.virtuafc.com/players/1458073.webp,2,2,2,,,,,2,2,,,,
abdul-mumin-ray-2526,MUMIN,Abdul Mumin,Rayo Vallecano,ray,Ghana,,1998-06-05,188,,DF,6,comun,false,https://assets.virtuafc.com/players/846147.webp,2,2,2,,,,,2,2,,,,
luiz-felipe-ray-2526,FELIPE,Luiz Felipe,Rayo Vallecano,ray,Italy,,1997-03-21,187,,DF,6,comun,false,https://assets.virtuafc.com/players/850035.webp,2,2,2,,,,,2,2,,,,
jozhua-vertrouwd-ray-2526,VERTROUWD,Jozhua Vertrouwd,Rayo Vallecano,ray,Netherlands,,2004-08-20,187,,DF,5,comun,true,https://assets.virtuafc.com/players/1120947.webp,2,2,2,,,,,1,2,,,,
florian-lejeune-ray-2526,LEJEUNE,Florian Lejeune,Rayo Vallecano,ray,France,,1991-05-19,190,,DF,6,comun,false,https://assets.virtuafc.com/players/88528.webp,2,2,2,,,,,2,2,,,,
pep-chavarria-ray-2526,CHAVARRÍA,Pep Chavarría,Rayo Vallecano,ray,Spain,,1998-04-09,174,,DF,7,comun,false,https://assets.virtuafc.com/players/1010421.webp,3,2,,,2,2,2,,,,,,
alfonso-espino-ray-2526,ESPINO,Alfonso Espino,Rayo Vallecano,ray,Uruguay,,1992-01-04,172,,DF,5,comun,false,https://assets.virtuafc.com/players/542634.webp,2,2,,,1,2,2,,,,,,
andrei-ratiu-ray-2526,RAȚIU,Andrei Rațiu,Rayo Vallecano,ray,Romania,,1998-06-19,183,,DF,7,frecuente,false,https://assets.virtuafc.com/players/965031.webp,3,2,,,2,2,2,,,,,,
ivan-balliu-ray-2526,BALLIU,Iván Balliu,Rayo Vallecano,ray,Albania,,1991-12-31,172,,DF,6,comun,false,https://assets.virtuafc.com/players/152446.webp,2,2,,,2,2,2,,,,,,
gerard-gumbau-ray-2526,GUMBAU,Gerard Gumbau,Rayo Vallecano,ray,Spain,,1994-12-17,188,,MF,5,comun,true,https://assets.virtuafc.com/players/326471.webp,2,2,,,1,,2,2,,,,,
pedro-diaz-ray-2526,DÍAZ,Pedro Díaz,Rayo Vallecano,ray,Spain,,1998-06-04,180,,MF,6,comun,false,https://assets.virtuafc.com/players/900669.webp,,2,,,2,,2,2,,2,,,
unai-lopez-ray-2526,LÓPEZ,Unai López,Rayo Vallecano,ray,Spain,,1995-10-29,170,,MF,6,comun,false,https://assets.virtuafc.com/players/588566.webp,,2,,,2,,2,2,,2,,,
oscar-valentin-ray-2526,VALENTÍN,Óscar Valentín,Rayo Vallecano,ray,Spain,,1994-08-19,177,,MF,6,comun,false,https://assets.virtuafc.com/players/900008.webp,,2,,,2,,2,2,,2,,,
pathe-ciss-ray-2526,CISS,Pathé Ciss,Rayo Vallecano,ray,Senegal,,1994-03-15,186,,MF,6,comun,false,https://assets.virtuafc.com/players/913679.webp,,2,,,2,,2,2,,2,,,
samu-becerra-ray-2526,BECERRA,Samu Becerra,Rayo Vallecano,ray,Spain,,2006-05-31,,,MF,4,comun,false,,,1,,,1,,2,2,,1,,,
randy-nteka-ray-2526,NTEKA,Randy Nteka,Rayo Vallecano,ray,Angola,,1997-12-05,189,,MF,5,comun,false,https://assets.virtuafc.com/players/932764.webp,,,,1,2,,2,2,,2,,,
oscar-trejo-ray-2526,TREJO,Óscar Trejo,Rayo Vallecano,ray,Argentina,,1988-04-25,180,,MF,5,comun,false,https://assets.virtuafc.com/players/21949.webp,,,,1,2,,2,2,,2,,,
carlos-martin-ray-2526,MARTÍN,Carlos Martín,Rayo Vallecano,ray,Spain,,2002-04-21,184,,FW,5,comun,false,https://assets.virtuafc.com/players/1131581.webp,,,,2,2,2,2,,,,1,,
alvaro-garcia-ray-2526,GARCÍA,Álvaro García,Rayo Vallecano,ray,Spain,,1992-10-26,167,,FW,6,comun,false,https://assets.virtuafc.com/players/345111.webp,,,,2,2,2,2,,,,2,,
ilias-akhomach-ray-2526,AKHOMACH,Ilias Akhomach,Rayo Vallecano,ray,Morocco,,2004-04-15,175,,FW,7,frecuente,false,https://assets.virtuafc.com/players/1089108.webp,,,,2,2,3,2,,,,2,,
jorge-de-frutos-ray-2526,FRUTOS,Jorge de Frutos,Rayo Vallecano,ray,Spain,,1997-02-19,173,,FW,7,frecuente,false,,,,,2,2,3,2,,,,2,,
fran-perez-ray-2526,PÉREZ,Fran Pérez,Rayo Vallecano,ray,Spain,,2002-09-08,176,,FW,6,comun,false,https://assets.virtuafc.com/players/966637.webp,,,,2,2,2,2,,,,2,,
isi-palazon-ray-2526,PALAZÓN,Isi Palazón,Rayo Vallecano,ray,Spain,,1994-12-26,169,,FW,6,comun,false,https://assets.virtuafc.com/players/899982.webp,,,,2,2,,2,,,2,2,,
alemao-ray-2526,ALEMÃO,Alemão,Rayo Vallecano,ray,Brazil,,1998-03-31,182,,FW,6,comun,true,https://assets.virtuafc.com/players/981604.webp,,,2,2,,2,,,,2,2,,
sergio-camello-ray-2526,CAMELLO,Sergio Camello,Rayo Vallecano,ray,Spain,,2001-02-09,182,,FW,5,comun,false,,,,2,2,,1,,,,2,2,,
marc-andre-ter-stegen-gir-2526,STEGEN,Marc-André ter Stegen,Girona FC,gir,Germany,,1992-04-29,187,,GK,7,frecuente,false,https://assets.virtuafc.com/players/88625.webp,,,,,,,,,,,,3,2
paulo-gazzaniga-gir-2526,GAZZANIGA,Paulo Gazzaniga,Girona FC,gir,Argentina,,1992-01-01,195,,GK,7,comun,false,https://assets.virtuafc.com/players/164343.webp,,,,,,,,,,,,3,2
ruben-blanco-gir-2526,BLANCO,Rubén Blanco,Girona FC,gir,Spain,,1995-07-24,188,,GK,5,comun,false,https://assets.virtuafc.com/players/180515.webp,,,,,,,,,,,,2,2
vladyslav-krapyvtsov-gir-2526,KRAPYVTSOV,Vladyslav Krapyvtsov,Girona FC,gir,Ukraine,,2005-06-24,188,,GK,5,comun,false,https://assets.virtuafc.com/players/1521733.webp,,,,,,,,,,,,2,2
juan-carlos-gir-2526,CARLOS,Juan Carlos,Girona FC,gir,Spain,,1988-01-19,187,,GK,5,comun,false,https://assets.virtuafc.com/players/83708.webp,,,,,,,,,,,,2,2
vitor-reis-gir-2526,REIS,Vitor Reis,Girona FC,gir,Brazil,,2006-01-11,186,,DF,8,frecuente,false,https://assets.virtuafc.com/players/1485300.webp,3,3,2,,,,,2,2,,,,
alejandro-frances-gir-2526,FRANCÉS,Alejandro Francés,Girona FC,gir,Spain,,2002-07-31,182,,DF,6,comun,false,https://assets.virtuafc.com/players/1002347.webp,2,2,2,,,,,2,2,,,,
daley-blind-gir-2526,BLIND,Daley Blind,Girona FC,gir,Netherlands,,1990-03-08,180,,DF,6,comun,false,https://assets.virtuafc.com/players/44864.webp,2,2,2,,,,,2,2,,,,
david-lopez-gir-2526,LÓPEZ,David López,Girona FC,gir,Spain,,1989-10-08,185,,DF,6,comun,true,https://assets.virtuafc.com/players/135116.webp,2,2,2,,,,,2,2,,,,
alex-moreno-gir-2526,MORENO,Álex Moreno,Girona FC,gir,Spain,,1993-06-07,179,,DF,7,comun,false,https://assets.virtuafc.com/players/294593.webp,2,2,,,2,2,2,,,,,,
arnau-martinez-gir-2526,MARTÍNEZ,Arnau Martínez,Girona FC,gir,Spain,,2003-04-24,182,,DF,7,comun,false,https://assets.virtuafc.com/players/1084081.webp,3,2,,,2,2,2,,,,,,
hugo-rincon-gir-2526,RINCÓN,Hugo Rincón,Girona FC,gir,Spain,,2003-01-26,183,,DF,6,comun,false,https://assets.virtuafc.com/players/1632454.webp,2,2,,,2,2,2,,,,,,
axel-witsel-gir-2526,WITSEL,Axel Witsel,Girona FC,gir,Belgium,,1989-01-11,186,,MF,6,comun,false,https://assets.virtuafc.com/players/35612.webp,2,2,,,2,,2,2,,,,,
azzedine-ounahi-gir-2526,OUNAHI,Azzedine Ounahi,Girona FC,gir,Morocco,,2000-04-18,182,,MF,7,comun,false,https://assets.virtuafc.com/players/991421.webp,,2,,,2,,3,2,,2,,,
ivan-martin-gir-2526,MARTÍN,Iván Martín,Girona FC,gir,Spain,,1999-02-13,178,,MF,6,comun,false,https://assets.virtuafc.com/players/973699.webp,,2,,,2,,2,2,,2,,,
fran-beltran-gir-2526,BELTRÁN,Fran Beltrán,Girona FC,gir,Spain,,1999-02-02,165,,MF,6,comun,false,https://assets.virtuafc.com/players/835484.webp,,2,,,2,,2,2,,2,,,
donny-van-de-beek-gir-2526,BEEK,Donny van de Beek,Girona FC,gir,Netherlands,,1997-04-17,184,,MF,5,comun,false,https://assets.virtuafc.com/players/361790.webp,,2,,,2,,2,2,,1,,,
lass-kourouma-gir-2526,KOUROUMA,Lass Kourouma,Girona FC,gir,Guinea,,2004-03-29,180,,MF,4,comun,false,https://assets.virtuafc.com/players/1860172.webp,,1,,,2,,2,2,,1,,,
claudio-echeverri-gir-2526,ECHEVERRI,Claudio Echeverri,Girona FC,gir,Argentina,,2006-01-01,170,,MF,7,frecuente,false,https://assets.virtuafc.com/players/1482424.webp,,,,2,2,,3,2,,2,,,
thomas-lemar-gir-2526,LEMAR,Thomas Lemar,Girona FC,gir,France,,1995-11-11,171,,MF,6,comun,false,https://assets.virtuafc.com/players/191182.webp,,,,2,2,,2,2,,2,,,
bryan-gil-gir-2526,GIL,Bryan Gil,Girona FC,gir,Spain,,2001-02-10,175,,FW,7,frecuente,false,https://assets.virtuafc.com/players/910026.webp,,,,2,2,3,2,,,,2,,
joel-roca-gir-2526,ROCA,Joel Roca,Girona FC,gir,Spain,,2005-06-06,176,,FW,6,comun,true,https://assets.virtuafc.com/players/1391616.webp,,,,2,2,2,2,,,,2,,
viktor-tsygankov-gir-2526,TSYGANKOV,Viktor Tsygankov,Girona FC,gir,Ukraine,,1997-11-14,178,,FW,7,frecuente,false,https://assets.virtuafc.com/players/319735.webp,,,,2,2,3,2,,,,2,,
portu-gir-2526,PORTU,Portu,Girona FC,gir,Spain,,1992-05-20,167,,FW,6,comun,false,https://assets.virtuafc.com/players/218616.webp,,,,2,2,2,2,,,,2,,
vladyslav-vanat-gir-2526,VANAT,Vladyslav Vanat,Girona FC,gir,Ukraine,,2002-01-03,182,,FW,7,frecuente,false,https://assets.virtuafc.com/players/976374.webp,,,2,2,,2,,,,2,3,,
abel-ruiz-gir-2526,RUIZ,Abel Ruiz,Girona FC,gir,Spain,,2000-01-27,182,,FW,5,comun,false,https://assets.virtuafc.com/players/826013.webp,,,2,2,,1,,,,2,2,,
cristhian-stuani-gir-2526,STUANI,Cristhian Stuani,Girona FC,gir,Uruguay,,1986-10-11,184,,FW,6,comun,true,https://assets.virtuafc.com/players/32048.webp,,,2,2,,2,,,,2,2,,
